Timestamp,Temperature,Pressure,Flow Rate,RPM,Vibration
2026-01-01 00:00:00,76.49014245903369,5.279871087317201,95.68253197517532,1466.2410862512809,5.138288663183913
2026-01-01 00:01:00,74.58520709648644,5.184926736582554,99.84398255530458,1492.774066464224,6.709422483830747
2026-01-01 00:02:00,76.94306561430207,5.011926073984035,100.09008436022224,1460.379003950002,7.379591699867533
2026-01-01 00:03:00,79.56908956922408,4.870612644458885,102.36315172921702,1484.601923518048,10.831531486010284
2026-01-01 00:04:00,74.29753987583,5.139644662722718,93.16570818359587,1405.3192666523107,8.834829686800637
2026-01-01 00:05:00,74.29758912915246,5.07869707708435,102.96283636923665,1510.664685368647,5.9967776463501625
2026-01-01 00:06:00,79.73763844652217,5.179038644005546,86.47804184198613,1500.0602737681113,8.729054434126455
2026-01-01 00:07:00,77.30230418745873,5.127034360336394,96.85057723818095,1459.1455684465905,5.679044016592451
2026-01-01 00:08:00,73.59157684219514,5.209910543063867,97.55863078774227,1532.9622834216202,9.62403658083061
2026-01-01 00:09:00,76.6276801307579,4.8929529576878865,103.16663413035619,1546.878506881328,7.293313022273182
2026-01-01 00:10:00,73.60974692156262,5.2634788131268655,100.11315426338435,1419.6220067815514,7.859545716891244
2026-01-01 00:11:00,73.60281073928923,5.03951992093848,92.97218473071857,1461.8637610716894,9.988694971313285
2026-01-01 00:12:00,75.7258868146981,5.415052174525053,95.07503437091492,1461.542882510635,6.069254647123625
2026-01-01 00:13:00,69.2601592660266,4.862162436382087,100.99340004773704,1453.0048449445567,5.904322722330513
2026-01-01 00:14:00,69.8252465024609,5.34719276063305,99.60466329067722,1541.4737420965873,7.124601010480992
2026-01-01 00:15:00,73.31313741227709,5.039582156692529,97.10437945182127,1490.30869306136,9.557568276528976
2026-01-01 00:16:00,71.96150663899672,4.86971639927711,97.5958310524401,1486.7742579344695,5.720980886784736
2026-01-01 00:17:00,75.94274199778582,4.903222833189136,103.48083998579645,1399.8068817796623,3.751766602834147
2026-01-01 00:18:00,72.27592777343636,4.935930538361136,97.41153713565393,1531.7709015104613,7.323261712386502
2026-01-01 00:19:00,70.76308889599413,5.084833189280383,99.55954377985464,1438.0370802573264,8.82761119986638
2026-01-01 00:20:00,79.39694630676466,5.1045670976071,110.84968294040272,1502.9966315133165,9.800392624608243
2026-01-01 00:21:00,74.3226710985404,4.885259999212284,92.88158681558039,1513.8688468979096,7.305257956871902
2026-01-01 00:22:00,75.20258461406377,4.9951290815478036,90.74078634212671,1568.0329297919325,7.382860089325996
2026-01-01 00:23:00,70.72575544135962,5.428454071722372,103.91794832399303,1434.5589800440443,9.730851101383621
2026-01-01 00:24:00,73.36685182642445,5.345508634020142,96.60678469352948,1349.0243922089587,5.195387450456869
2026-01-01 00:25:00,75.3327677691296,5.0872647339348065,98.4088123612869,1509.1924772376847,7.417218837225486
2026-01-01 00:26:00,71.54701926773309,5.00760069563364,96.09421810934442,1590.0255590755428,8.285635834887586
2026-01-01 00:27:00,76.12709405503702,5.024006265343652,98.70099929616244,1561.947317646972,8.673828081927551
2026-01-01 00:28:00,73.19808393024358,5.122703594546083,107.9926905604817,1510.4829707637314,7.235289960213676
2026-01-01 00:29:00,74.12491875062017,4.795441486960319,104.0106422930906,1475.4181907183977,8.051661517558761
2026-01-01 00:30:00,73.19488016331181,4.948524692515331,104.31111755943489,1540.3561298318655,4.267508969880516
2026-01-01 00:31:00,80.55683455352681,4.666283185224482,92.91886472103677,1451.3226900147765,7.012627381499227
2026-01-01 00:32:00,74.9595083257862,5.079844624521056,94.24423131723566,1523.817888467811,8.680263068831701
2026-01-01 00:33:00,71.8268672131323,5.129439187940548,85.80460670257287,1525.2735079583313,6.52655894861798
2026-01-01 00:34:00,77.46763473630956,4.903362707540126,95.95309589458623,1553.010495374944,8.088476332384396
2026-01-01 00:35:00,71.33746905008694,5.314797352658006,104.78351593192829,1637.983001945554,8.670308751204047
2026-01-01 00:36:00,75.62659078501427,4.754846867399531,102.58473257874185,1519.6207983589384,7.486176198713353
2026-01-01 00:37:00,69.12098962836068,4.707125023958036,98.89243368523938,1474.5518187146251,8.255695656494856
2026-01-01 00:38:00,71.01544185330471,5.044890363711994,99.88849858140973,1498.7212843904003,6.555901152073082
2026-01-01 00:39:00,75.59058370760737,5.209419660522431,96.55557228712297,1411.546204755544,7.69008308045593
2026-01-01 00:40:00,77.21539973998622,5.336785538291574,101.02379441200893,1465.2643434455472,8.915324254383833
2026-01-01 00:41:00,75.51410484356991,4.908223147426212,103.82939139740307,1479.5358780943448,8.235459441452651
2026-01-01 00:42:00,74.65305515283528,5.215736166686259,91.92056606294764,1473.7955801032704,7.120203095654096
2026-01-01 00:43:00,74.09668891323213,4.992298306099858,101.49823843918674,1507.617743601686,8.33632460643619
2026-01-01 00:44:00,70.56443402889772,4.965474540011836,104.66217435477334,1458.87900338089,9.071914685954926
2026-01-01 00:45:00,72.84046737481587,5.176731987497335,97.92449855518315,1556.0515333662236,4.925088082133783
2026-01-01 00:46:00,73.61808368712063,5.130464575682684,103.50350306060292,1500.0103532459098,9.738611097433846
2026-01-01 00:47:00,78.17136667865675,4.68472156860315,114.07327222236276,1499.5349839430694,7.495617891978392
2026-01-01 00:48:00,76.03085486870539,5.295308069945179,99.47828603506554,1483.605264174354,8.638234899860345
2026-01-01 00:49:00,69.7108795339118,5.27601827082949,101.96653525002662,1507.7595341929489,9.795870385467842
2026-01-01 00:50:00,75.97225190818439,4.874887459698094,96.30971458169304,1541.2549132333818,5.942489454154301
2026-01-01 00:51:00,73.84475315875105,5.079160706687482,100.90625581301025,1456.643489214455,6.93583849635868
2026-01-01 00:52:00,72.96923399908212,5.098806037256548,102.30135812491152,1467.0941755462372,7.567176956186443
2026-01-01 00:53:00,76.8350288665226,5.052134753164782,100.9742117013507,1484.8136985611668,6.824369718313358
2026-01-01 00:54:00,78.09299856748785,4.889938969230916,94.90152340145572,1432.7064538263392,10.602404863755213
2026-01-01 00:55:00,77.7938403573486,4.86567532641239,101.03180885662725,1459.0371070139252,6.714841859259811
2026-01-01 00:56:00,72.48234743033208,4.994889185801711,107.31097969358818,1476.1889563227671,7.1666798307697
2026-01-01 00:57:00,74.07236287244636,5.234545803851873,102.24317882257263,1543.7194590356364,8.306583547404465
2026-01-01 00:58:00,75.9937902942107,5.108720030918886,104.8099359453592,1513.1280664500962,6.196775710885866
2026-01-01 00:59:00,77.92663538136708,4.9258771335827785,98.81494014993686,1509.6794955683772,7.406478932365604
2026-01-01 01:00:00,73.56247728646413,5.154339742129669,103.74950119711855,1542.5448981083987,8.476179891875264
2026-01-01 01:01:00,74.44302307000855,4.430291475873985,101.39633919108263,1493.1314105800302,7.500709393426233
2026-01-01 01:02:00,71.68099507798192,5.229753140074421,95.24544635156384,1519.5232424964445,7.859919711650077
2026-01-01 01:03:00,71.411380127758,4.65205724424438,101.59260502399437,1494.8389123533752,7.206001831327444
2026-01-01 01:04:00,77.43757746718259,4.9275118117193735,95.04151668279845,1513.2681174699815,5.72829453622885
2026-01-01 01:05:00,79.06872008571247,4.776066021074771,96.83559862557604,1470.862067119421,8.482389817008858
2026-01-01 01:06:00,74.783969635259,4.741063704855819,100.94664153646187,1378.0591420861786,10.632399607470862
2026-01-01 01:07:00,78.01059869367607,5.232165357475704,101.48622136690062,1493.2860418906848,8.027602446175157
2026-01-01 01:08:00,76.0849080751429,4.906459759737622,94.05383767461436,1571.137406804997,8.337896175871323
2026-01-01 01:09:00,73.06464073618463,5.069300776346143,105.26992885591439,1546.3107701120796,9.039084132675288
2026-01-01 01:10:00,76.08418681652525,4.990615884224163,102.86003139150236,1548.2698742295586,6.096004255179951
2026-01-01 01:11:00,79.61410969939791,5.095408165444624,96.47635782194558,1561.8065360903108,10.55377198719441
2026-01-01 01:12:00,74.89252188267015,5.015364378212051,92.31207601775412,1504.432879548072,8.303493194634203
2026-01-01 01:13:00,79.69393096744201,4.743401555162286,99.27547710459284,1509.8657853702798,10.447785348633664
2026-01-01 01:14:00,67.14076468773077,5.199253363889428,97.7702814306942,1469.1174052282825,6.900450506714016
2026-01-01 01:15:00,77.46570751312566,4.901248683367737,100.56570228526512,1484.1963571986475,10.727092883836736
2026-01-01 01:16:00,75.26114120471452,4.6886836202680495,98.18441669422216,1530.788557488557,9.162733241052175
2026-01-01 01:17:00,74.1029779486024,4.914376967806818,89.96271569627496,1560.1942218584409,8.829560128778537
2026-01-01 01:18:00,75.27528232960651,5.300151958126862,98.05826530849421,1493.02768621595,8.351036681529722
2026-01-01 01:19:00,69.03729325619732,5.1700443484226986,98.47190444465843,1477.4905367574295,7.627207072888326
2026-01-01 01:20:00,74.34098433648747,4.930269573118428,103.1683051238703,1500.0263979428298,9.80079748771081
2026-01-01 01:21:00,76.07133771453523,4.930148459136314,96.50900162694475,1530.0603374464558,8.21053980477207
2026-01-01 01:22:00,79.43368213422455,4.935672989756523,108.39337336686283,1427.8072591933228,5.049395444619272
2026-01-01 01:23:00,73.44518934517906,5.4153495967121685,90.44179724674122,1385.1909523431382,6.3242203074394965
2026-01-01 01:24:00,72.57451919132043,5.07638709044631,106.55583748901313,1472.473157525421,7.721231371710879
2026-01-01 01:25:00,73.49472886924639,5.086008329438214,98.87840514560948,1438.9643787042921,8.464998474748333
2026-01-01 01:26:00,77.74620635310622,5.206056690806369,104.29792436171778,1474.5929901176344,7.915117266650157
2026-01-01 01:27:00,75.98625332897905,5.047757831805303,100.39900742029367,1492.6109840591264,9.828456184690495
2026-01-01 01:28:00,73.41071938869888,4.948191570835859,105.69777768012734,1477.3375795488494,5.073347203942063
2026-01-01 01:29:00,76.53980229934007,4.960730030183004,98.06319017723594,1572.6233767235371,8.21538190475774
2026-01-01 01:30:00,75.29123264804412,4.985679748117187,94.50689787411093,1516.337238230116,5.273031161919268
2026-01-01 01:31:00,77.90593497159867,4.992555552698032,107.10252143635532,1515.0237179805415,9.139568443226253
2026-01-01 01:32:00,72.89384071836794,5.145525908727396,99.4325967705893,1531.11035720217,7.858311928336996
2026-01-01 01:33:00,74.01701356020669,5.01038917716146,101.10779236812105,1443.0583441109616,8.629414958036177
2026-01-01 01:34:00,73.82367554060353,5.146528015443116,106.17375957022398,1551.9555893710135,6.704175559115351
2026-01-01 01:35:00,70.60945515560364,4.983856683978283,94.84022378952783,1496.211785673227,9.919197397486627
2026-01-01 01:36:00,75.88836083119372,5.015727038063218,102.97745448819629,1533.5240308620607,9.562586996088276
2026-01-01 01:37:00,75.78316581653966,4.600359863093578,97.05052621768554,1446.4071383479923,8.875316454517831
2026-01-01 01:38:00,75.01534036992739,5.183265534940496,99.33915322177815,1422.3120616991969,7.8057241297048385
2026-01-01 01:39:00,74.29623859987456,5.069297695179599,100.36139482692144,1540.8944829012514,8.869785927942699
2026-01-01 01:40:00,70.75388777384876,5.1996020219719306,92.49889069276531,1518.820476304876,6.939661148018977
2026-01-01 01:41:00,73.73806403170393,4.420748924361262,96.10581478589782,1454.8974222821246,9.283333488531069
2026-01-01 01:42:00,73.9718564504197,5.417674940956146,106.7553644620657,1456.5168459362653,10.474221341485881
2026-01-01 01:43:00,72.59316819233514,4.9720820743689655,104.43095594292397,1556.2717392207385,9.60591583996878
2026-01-01 01:44:00,74.51614286500197,5.221636563347503,99.68680211336383,1440.5294053566336,6.905596295288886
2026-01-01 01:45:00,76.21215257044362,4.792018814574893,101.21561729256446,1582.1336476627982,8.542125975909654
2026-01-01 01:46:00,80.65855770363159,5.122554781012514,98.52878747181771,1454.9689632676066,6.060287684362028
2026-01-01 01:47:00,75.52373343849551,4.789316887365269,106.78291692913992,1531.9195962804192,8.858585466763513
2026-01-01 01:48:00,75.7726511721683,4.875246207860839,98.99823711102918,1483.5690762125507,8.675905119293809
2026-01-01 01:49:00,74.7766622527015,5.382806270773357,101.15921046067425,1530.1593715541171,5.1952754907017535
2026-01-01 01:50:00,69.24368635410288,4.961863519847331,105.73015072071033,1472.7942998942904,6.257324234131454
2026-01-01 01:51:00,74.92045837365235,5.043486574635945,96.11314257577047,1491.8603546963852,7.575291654884349
2026-01-01 01:52:00,75.18069062982308,5.1740135461377506,107.79394592248447,1502.045958769786,7.54871037928876
2026-01-01 01:53:00,82.38972633745585,5.099136377594521,92.34769295128312,1449.8906272109264,6.185784596871792
2026-01-01 01:54:00,74.42291710565664,5.030083781028715,108.14821065556399,1537.0412172710062,8.583468094028275
2026-01-01 01:55:00,75.90464202700083,5.072992200493245,98.13662208024013,1474.3393216764207,8.377210413410769
2026-01-01 01:56:00,74.89586469088427,5.480683117047655,98.7865062608736,1488.570004232999,7.7085963020322215
2026-01-01 01:57:00,71.4939658871414,4.9884762405932825,90.54994914408529,1450.2825312695743,6.866312749762455
2026-01-01 01:58:00,78.42846844354506,5.040219809342993,97.72602641311154,1371.8833170602345,9.573060689624846
2026-01-01 01:59:00,77.25579909806032,5.210130879201523,94.80096734486558,1490.4486118699915,10.483110669632442
2026-01-01 02:00:00,77.37309584112914,5.221105186591597,96.96176827313263,1620.630771080646,7.274657774230194
2026-01-01 02:01:00,72.27183763561578,5.237406061112076,99.3134451710556,1539.2302143949012,7.081749624267768
2026-01-01 02:02:00,79.20838293280829,5.127746044405837,104.78895807236452,1499.0369810132802,8.736811498117994
2026-01-01 02:03:00,70.79444681162316,4.771399017453903,101.03801675700313,1486.8554585395866,7.462955930379521
2026-01-01 02:04:00,76.76057128140081,5.3266863064602195,101.53838326700557,1501.1232946406024,7.790904199005149
2026-01-01 02:05:00,81.57136687742994,4.770730921396263,94.52240305577219,1527.3559557587605,9.109479727587008
2026-01-01 02:06:00,72.02839102460794,5.060527093047806,95.59622955198635,1440.9593592345577,5.135965868739061
2026-01-01 02:07:00,73.30110681119169,4.849144829996129,108.99362509175656,1555.7160847334435,9.977453487279003
2026-01-01 02:08:00,75.29895409526293,4.9871723306814015,96.32399482618376,1535.7690657720623,8.109020786494012
2026-01-01 02:09:00,73.4895730376514,5.065752482060696,108.28104126028649,1535.9092862853968,7.382760283156729
2026-01-01 02:10:00,70.3480097068016,5.064271443090055,98.78469400559567,1521.9237869404865,7.866148768667826
2026-01-01 02:11:00,75.20568892441808,5.084384150847057,100.01143968071752,1500.9808328846996,7.943644032530778
2026-01-01 02:12:00,71.81308885882169,5.32274225381173,105.35182580114964,1533.643061798341,5.403198044832612
2026-01-01 02:13:00,76.42077729190555,5.090706860302796,106.35946210969328,1529.5907066870689,10.242407341179854
2026-01-01 02:14:00,72.2417272972986,4.95116867294187,99.44593719860457,1482.297964452949,8.061988448405927
2026-01-01 02:15:00,79.64980321505261,5.192817433657671,98.05878473239231,1471.319911355155,8.664503195671063
2026-01-01 02:16:00,72.65024012299129,5.237894097784928,99.72039775738894,1505.0928147630993,9.427324655861064
2026-01-01 02:17:00,74.03381545138298,4.754478436972602,101.68978764116059,1577.4510075747594,6.46825631365955
2026-01-01 02:18:00,77.44055165210901,5.119480013969971,104.45651843434878,1438.044646217305,8.710207848552843
2026-01-01 02:19:00,71.30740705069813,5.14023454846218,100.02114929497075,1426.623736712378,7.59853836365181
2026-01-01 02:20:00,75.68237980381238,4.940487299328002,103.09443149011577,1508.2380420618258,9.27015616282474
2026-01-01 02:21:00,78.92142826284729,5.275141362662324,108.19179866135471,1502.544385092801,4.809158869472757
2026-01-01 02:22:00,70.17755029631631,4.969988882593495,101.90654806132392,1508.6670832185205,7.851358549638096
2026-01-01 02:23:00,75.55390157559691,5.025115290694308,101.55826428002389,1512.197659895425,7.095769016324057
2026-01-01 02:24:00,75.77964838274526,4.965385635143226,92.40544587454966,1488.8398872682596,8.648394425951233
2026-01-01 02:25:00,77.34546861533192,5.003115809516293,86.84634931585468,1574.4931719301042,8.705066281052304
2026-01-01 02:26:00,71.28914786736576,4.78074498262096,101.94187864615084,1419.9548010761741,6.93856115776696
2026-01-01 02:27:00,71.03863016074718,4.711989823481141,99.52587884359563,1458.5751487609878,6.931739203735935
2026-01-01 02:28:00,76.5658246968507,5.318901012644995,97.4260866254263,1494.8372619925476,7.834001947164006
2026-01-01 02:29:00,75.89095401969956,4.830607730336334,101.21765102093173,1417.8405594422916,6.655036659027187
2026-01-01 02:30:00,75.75147855103764,4.801721530108739,99.69798135401545,1491.2072797783965,9.26297554317819
2026-01-01 02:31:00,76.03934462849092,4.569321977279257,105.6389012531695,1583.073508286401,7.446189199328831
2026-01-01 02:32:00,72.95992583526453,4.8722076504621,100.4305543412949,1501.044324414798,3.639517671017538
2026-01-01 02:33:00,75.69676109148301,4.7353820413185,96.26538357464916,1511.535045285934,7.437766915067291
2026-01-01 02:34:00,75.87921741989604,5.328403032027274,104.95083119479645,1436.991761741371,6.442184268734041
2026-01-01 02:35:00,72.8569457459209,5.201963417868527,98.91434462526898,1469.181929598026,5.553086276808582
2026-01-01 02:36:00,80.59732353343426,4.862369930964455,102.63268341836154,1481.2401809838032,6.143860042666141
2026-01-01 02:37:00,76.42149876273537,5.450487161068862,97.612946469036,1484.1142451621884,8.164112707749455
2026-01-01 02:38:00,71.42608950839205,5.196353097398319,96.75086557251282,1564.0821897501885,9.992961242372347
2026-01-01 02:39:00,76.96966082590149,4.935033723298275,100.42084115092848,1527.8845530362562,8.46977671079747
2026-01-01 02:40:00,72.07595498931803,4.500118857025285,100.06414321771842,1444.4271021531483,7.09024491767639
2026-01-01 02:41:00,77.36125381122736,5.458188514518149,102.39913517683416,1512.3252389216002,8.683856292756055
2026-01-01 02:42:00,78.47578673702222,4.72208550664728,98.65677123345128,1524.9110874248393,7.311364534671513
2026-01-01 02:43:00,72.53795304494487,4.670920250608622,90.81820108114802,1557.0074519260634,6.958099446255283
2026-01-01 02:44:00,77.89012838773297,5.204514086401928,97.83613058205806,1579.0270343284187,6.268455997650523
2026-01-01 02:45:00,76.23834278080949,5.487950481267855,103.96909233571908,1449.2452904086065,5.372256789872422
2026-01-01 02:46:00,77.46618047998346,5.276854563702104,98.51311960378447,1459.457124439483,7.415114440160832
2026-01-01 02:47:00,80.69037894796185,5.112781824010472,98.76808298742726,1437.1211070542693,8.237080234880198
2026-01-01 02:48:00,74.26383565199139,5.118950868333057,104.93188252952969,1488.299007044651,7.855064494977666
2026-01-01 02:49:00,72.73879150692753,5.170683111756062,96.44013386370538,1523.3179187223168,7.376049608078962
2026-01-01 02:50:00,72.33145671112344,5.151785717957353,92.2859839087855,1549.3667258294552,6.581380908954828
2026-01-01 02:51:00,72.55256914510369,5.056238284793875,99.19684440237253,1496.2024488178738,8.912369287527452
2026-01-01 02:52:00,74.76869487175769,5.020840220790375,97.57913024375631,1484.0076238372578,6.024302120080122
2026-01-01 02:53:00,76.02345592444993,4.987481374420096,95.16876840123373,1507.587899612437,9.164041870765214
2026-01-01 02:54:00,75.83007239799005,4.849207082226664,99.12310772050655,1458.2428549184988,6.4966744716099125
2026-01-01 02:55:00,77.48154974710808,4.943864984626646,102.45752823623391,1604.4769360847386,6.871347143970448
2026-01-01 02:56:00,75.03900567563372,4.661408637160923,99.95355719216091,1419.616948644097,5.799822214076484
2026-01-01 02:57:00,79.36060223147194,4.98033207464105,101.53490536343119,1509.2370289447863,7.247896779671545
2026-01-01 02:58:00,74.20602950028614,4.802281778569816,109.06703849257711,1601.180310961482,9.462968687716968
2026-01-01 02:59:00,83.16050749976885,4.779282136556846,98.28560569221219,1500.3399922279998,8.773442132665934
2026-01-01 03:00:00,76.87700204329502,5.035978830230696,101.39174317322335,1490.4980482499252,9.467633168042052
2026-01-01 03:01:00,72.42852733075115,5.27840045726892,97.45393318700432,1482.1277288594786,8.783213818900904
2026-01-01 03:02:00,71.78732250581666,5.183663321200463,95.76820140056513,1490.9804159118796,6.344495257204446
2026-01-01 03:03:00,76.44741724572955,4.6858998792753646,97.07546173291115,1568.6424237338265,7.503816163508664
2026-01-01 03:04:00,74.32961164402245,4.802074372685932,97.60620714239155,1389.4069044335247,6.8297013063238055
2026-01-01 03:05:00,77.14200148227627,5.188154237597643,101.79737898773563,1576.6716850648163,9.99586235605856
2026-01-01 03:06:00,76.41971287372064,4.803502521292338,111.74537893350379,1428.8021423774928,6.204817030360532
2026-01-01 03:07:00,74.78151326202938,4.955073370000595,96.4197828186208,1486.6673835382792,9.340546534083666
2026-01-01 03:08:00,72.45961884579478,5.110010419804911,97.91687347192268,1478.537778985067,9.339430805163154
2026-01-01 03:09:00,70.4554583259424,4.806331109027273,99.68438493444376,1529.427663488536,10.74443030257413
2026-01-01 03:10:00,73.66045514379894,5.021075101229192,101.97899424354874,1420.0937824058126,7.385470111055754
2026-01-01 03:11:00,77.56919638297042,4.733194901016359,101.31775405977392,1523.108633304097,9.068483239370243
2026-01-01 03:12:00,75.64228123239062,4.879726471209757,106.42047896974059,1601.2154811643427,11.422477754808265
2026-01-01 03:13:00,71.26278366386404,5.063956386828507,87.86803964732395,1431.8412997703595,7.073537484599455
2026-01-01 03:14:00,75.51954277755354,4.681401253293666,88.06535064902164,1509.4853083805199,5.69743962870146
2026-01-01 03:15:00,76.15595213918651,5.088094947592079,97.52060913994926,1466.9008911101696,5.179984949138355
2026-01-01 03:16:00,72.3484276913966,4.996072440214664,105.48650093771855,1521.294360309652,9.069068043291997
2026-01-01 03:17:00,75.46117531783658,5.110497990883429,92.17175984197202,1500.9573888707876,5.1752746879121245
2026-01-01 03:18:00,75.174626155338,5.044782826812932,84.96183830153122,1467.9256545477845,7.441521420593116
2026-01-01 03:19:00,71.57108910650813,5.272828085994769,102.85589703109605,1524.3936142435537,8.655969780558442
2026-01-01 03:20:00,76.07336208104485,5.025044900529582,101.21828611851357,1590.2174054893371,8.277763305244871
2026-01-01 03:21:00,76.6823535791047,4.914118891774949,94.54895796600285,1490.454810413635,8.638167296276258
2026-01-01 03:22:00,78.24915372952583,5.024459500606457,95.07230199639535,1535.987897107409,8.33343478370128
2026-01-01 03:23:00,78.1614061561047,5.1086596058072775,95.15128140182662,1435.3363521064418,9.918298719970089
2026-01-01 03:24:00,70.86699189612872,5.009772014065141,100.5526765873697,1452.1781811590995,6.571525428891805
2026-01-01 03:25:00,72.18652488025464,5.008118338240776,96.86842361908496,1523.6203138940189,6.984507292312204
2026-01-01 03:26:00,76.54510580162598,4.859601662438649,102.4703195948776,1574.2058014267982,6.8410108320937635
2026-01-01 03:27:00,76.54135785273662,4.867419816489811,85.72686668547804,1517.780667439283,9.245287717793914
2026-01-01 03:28:00,76.54514305891814,4.719478945640061,95.715740674361,1484.3470984738424,9.350597882592595
2026-01-01 03:29:00,86.55819447196416,5.349915348637388,94.36973019544475,1499.9645702711678,8.676837978977762
2026-01-01 03:30:00,76.7126715320795,4.751227352921743,98.71829660813754,1437.479613301514,9.775240500334892
2026-01-01 03:31:00,78.40669692054179,4.861418960440819,97.30976120754931,1530.2257663177684,6.232938698935429
2026-01-01 03:32:00,77.8620052904796,4.85631854688616,103.98921889947883,1544.1166531161705,10.500836167326705
2026-01-01 03:33:00,76.95417375391739,5.178984875388888,90.70331614169972,1477.395483358346,10.284857932568388
2026-01-01 03:34:00,74.05419226607896,4.941010064341595,100.22745738165376,1476.497892612025,9.10343299586862
2026-01-01 03:35:00,77.2769076614798,5.249548414534747,102.79168211605852,1513.2939114826024,10.67269836315659
2026-01-01 03:36:00,72.68152435638729,4.865301875151227,109.28323718280977,1478.1640131979702,5.515065188483339
2026-01-01 03:37:00,74.28954417977997,5.0557988324447605,97.59117014453263,1496.693369268709,7.213327795606022
2026-01-01 03:38:00,73.54390935651269,4.832930589348049,101.62229302176259,1604.9860894583258,6.897044808977071
2026-01-01 03:39:00,75.24562241815897,5.429029825554678,90.98068603718818,1487.6487149627,9.082218985636015
2026-01-01 03:40:00,81.94397570002053,4.762480316194098,88.04021897843488,1482.0829923989388,6.424788890596782
2026-01-01 03:41:00,69.39820442222475,5.061964142045405,104.2238718789085,1467.622909718242,9.136242724006228
2026-01-01 03:42:00,77.05878057112353,5.12675537618642,99.97219853175964,1537.2095985749968,10.055804215995071
2026-01-01 03:43:00,70.16185238643105,5.0827598194903,105.89256344899212,1490.938791339095,9.042804350126
2026-01-01 03:44:00,73.5842044026317,4.962942468224458,93.13298555515125,1467.5313480839286,8.425626535492253
2026-01-01 03:45:00,78.2668517909021,4.9740358600533146,102.59951069764377,1566.0652016136505,6.518189988648876
2026-01-01 03:46:00,75.19284005728639,5.008762294395822,109.34408920271926,1570.9801502256819,6.729723550811953
2026-01-01 03:47:00,71.76676566621208,4.970599599674302,102.09852804178632,1469.9788217130647,9.874428357945
2026-01-01 03:48:00,72.85408887222009,5.192775823358982,101.38290752795524,1406.6730024319693,9.169023505857998
2026-01-01 03:49:00,77.03879324680403,5.44210460031827,100.04278040412174,1550.3756844918462,7.941470720933684
2026-01-01 03:50:00,72.80890010484859,4.888501642998433,92.14559271437044,1465.7685087119999,7.373135681351164
2026-01-01 03:51:00,75.64937576874593,4.726039404084185,106.77786467855174,1539.5312799581384,4.961288190332935
2026-01-01 03:52:00,75.13671551971144,4.982343590329749,96.94571180097466,1401.4948091144083,6.393721371973342
2026-01-01 03:53:00,73.04519895718255,5.515941867530864,102.52241628191508,1544.6298669149655,10.867128630709585
2026-01-01 03:54:00,81.43183226797598,4.839265086406054,92.18482846714373,1439.441403535961,6.0793166434963
2026-01-01 03:55:00,76.90175706695403,5.3278233610888135,94.1027016774611,1536.5382059533263,8.284219731831621
2026-01-01 03:56:00,68.92457224002717,5.335540162815288,107.17543699611117,1500.7136533918217,9.511165959792798
2026-01-01 03:57:00,75.55936294430828,4.889282351658401,98.26348855521078,1452.3030290301679,6.117615997996561
2026-01-01 03:58:00,73.01464060569484,5.113796615837055,107.26637738021272,1479.648184353661,8.277065712171625
2026-01-01 03:59:00,77.55730000438867,5.325679324625708,99.60884670470742,1534.315922847835,9.406873306265982
2026-01-01 04:00:00,72.6224377847019,4.924174451802503,90.7905111352107,1505.2947226557617,8.018748982860876
2026-01-01 04:01:00,74.6557906755993,4.959283927979528,104.4603379986586,1529.2206490236242,12.302604583500152
2026-01-01 04:02:00,76.51496183694137,4.883663817210271,97.05053841122196,1598.8220292257743,5.497101111682707
2026-01-01 04:03:00,77.59726558251036,4.7970486538614265,103.49344406758522,1421.7879194144475,9.588092794825819
2026-01-01 04:04:00,71.39911077883266,4.870144490986799,100.12605433770041,1580.8606287484313,7.740797393905304
2026-01-01 04:05:00,73.99649629247716,4.755211946647549,92.28440886028565,1505.2177968761607,9.157880232255012
2026-01-01 04:06:00,73.57516406651713,5.006816693651845,100.82147382685285,1455.0607975838436,8.66196072754887
2026-01-01 04:07:00,73.04001230227887,4.8460053537882715,110.981115710764,1433.4843187130505,6.9002657043350055
2026-01-01 04:08:00,80.29636272084329,5.046757182358149,102.4649322925723,1490.5439804611483,8.34349458868901
2026-01-01 04:09:00,76.21494513288286,4.688820870759274,99.71241123497269,1546.082505596223,5.213147822902569
2026-01-01 04:10:00,71.21734813699487,5.066176046442892,105.37671700978449,1493.6225439811233,8.904871250857092
2026-01-01 04:11:00,77.75358584116432,5.166705792321785,101.05334232601555,1575.5577465123674,8.447237698985788
2026-01-01 04:12:00,81.3664685910379,4.601252871485709,101.04767115131398,1427.441215497422,8.957990252964654
2026-01-01 04:13:00,78.09739578165345,5.074811313969515,94.54187413920448,1499.3955526076973,9.587177487630726
2026-01-01 04:14:00,70.44189010213796,5.245533798494659,101.16924012894799,1437.380327779344,8.551429760314566
2026-01-01 04:15:00,73.54729778140124,4.758071796261759,105.17721708208472,1518.1815941312484,8.222134129697414
2026-01-01 04:16:00,78.80073344755986,5.334514477367541,95.81968923949988,1544.344369504865,6.678397495008062
2026-01-01 04:17:00,72.87699160314367,5.083803801873209,107.12247910623474,1478.9619103159473,6.931668854526423
2026-01-01 04:18:00,76.33145828443868,4.858997628848318,99.54146987927437,1369.7893071686433,9.780101930265996
2026-01-01 04:19:00,77.32390216028801,4.988846184468459,95.5611524423073,1509.9474073398246,10.154503108558968
2026-01-01 04:20:00,72.21920858526575,5.111665382504344,104.98816038460123,1521.8369275866755,7.642834345531919
2026-01-01 04:21:00,74.82142393181459,5.015201078282482,98.56602882130865,1520.2147377480849,8.069004120879912
2026-01-01 04:22:00,65.27619797979278,5.107751198489273,103.79757443743054,1561.7891095911077,6.643078437509351
2026-01-01 04:23:00,71.92683707599713,4.815865281384127,98.54120683870731,1446.4473160175476,9.759135267901167
2026-01-01 04:24:00,74.24229554582053,5.0338721648072156,99.70086928235048,1534.0108052725225,8.998125235537668
2026-01-01 04:25:00,71.25665045410545,4.717257100619004,102.46780102167146,1559.6253756238987,10.911826154695625
2026-01-01 04:26:00,79.8972339117949,4.97775478773026,101.45448528795004,1411.070620799674,6.682515384230392
2026-01-01 04:27:00,70.7095758661181,4.819218471707042,90.0223410977413,1515.9825912959489,7.432988151472674
2026-01-01 04:28:00,73.67986653990904,4.8528940114820465,94.39378129952804,1474.7910084496164,8.347168883788358
2026-01-01 04:29:00,75.39222173185827,5.2472186350420875,104.64704992395407,1495.9238663449178,8.969734306588656
2026-01-01 04:30:00,79.32381986719835,5.218262024118854,99.33931705549226,1517.3838241769167,7.676498543678552
2026-01-01 04:31:00,70.69241354646168,5.121827624181435,97.3813434861429,1475.6385717943224,6.6905583643194495
2026-01-01 04:32:00,78.48949125646487,4.781537447065484,93.20712992371263,1466.2145960419193,9.322111293385356
2026-01-01 04:33:00,75.03069918305876,4.93671831006104,94.60131839362076,1501.7076208744013,9.081703043818372
2026-01-01 04:34:00,72.05547404685615,5.242619539995837,89.89100680019027,1445.63770305686,6.625588849154413
2026-01-01 04:35:00,76.38631042278982,5.028343382727981,99.49359640649233,1445.7087435557407,10.033164201658243
2026-01-01 04:36:00,75.59717908672042,5.463865907996339,97.00781209709477,1533.9686641478252,9.755298063794905
2026-01-01 04:37:00,73.19934936852361,5.078663567878874,95.16706054507343,1442.5602982420671,8.20144474587169
2026-01-01 04:38:00,75.20940625497006,5.038409823298006,99.65938287416023,1533.3156250454606,8.119396793564055
2026-01-01 04:39:00,73.84405920941472,4.938176707159499,101.8198531542637,1523.1295646426975,8.831086656673861
2026-01-01 04:40:00,75.34055203575375,5.026708180956456,110.46598966104972,1413.70966356047,6.707445394615613
2026-01-01 04:41:00,76.98639202356314,4.969506032723891,92.44058290218393,1466.1217673832173,8.045047218746124
2026-01-01 04:42:00,79.75805044843605,5.1416217353377185,105.79690521650261,1559.7054701523687,4.771424683086229
2026-01-01 04:43:00,71.28655350351946,5.191340463358917,104.86550780507537,1450.941723443016,9.314683468254403
2026-01-01 04:44:00,81.3991001239688,4.84280210789841,96.1045363031165,1476.7797868845307,5.65776016633721
2026-01-01 04:45:00,69.1437366014325,4.733753409288444,101.01617977293016,1523.1030446625948,10.255129742643499
2026-01-01 04:46:00,74.54464471489325,4.63275892537934,97.71183375331192,1539.1695254641297,7.504819859050325
2026-01-01 04:47:00,76.76495161945373,5.101598265382509,100.92844290209369,1487.4230556977752,7.682499527103235
2026-01-01 04:48:00,75.8429756032051,4.7793266787652255,107.54565506702275,1470.124490265418,7.058399140873242
2026-01-01 04:49:00,73.13190144053821,4.569421881409504,103.02803116315657,1571.1184930849254,7.567941689116886
2026-01-01 04:50:00,74.37563324892817,5.077715720906193,102.54304186616721,1586.944983189879,10.127797017722056
2026-01-01 04:51:00,73.5209971960235,5.498599903486558,97.84845340022679,1548.9429025390898,4.268287015197381
2026-01-01 04:52:00,73.23190572916737,4.9987858176920215,92.57971667537832,1504.2659071282512,9.915448079132283
2026-01-01 04:53:00,77.54880629106307,5.167698154890329,98.95765894729796,1459.5867139179536,8.507035221652561
2026-01-01 04:54:00,76.07104645789514,5.016365871709513,106.03304077431957,1458.4777796721717,6.189467528214177
2026-01-01 04:55:00,72.92127121421804,4.980222069361772,92.36416071705176,1526.125705263288,6.387031410426143
2026-01-01 04:56:00,77.69879962629975,5.183815296597554,94.72455315911652,1520.9199110444342,10.514589540812304
2026-01-01 04:57:00,75.92189856262983,4.941945091162269,100.63133868117033,1570.0799296473215,6.581739680085903
2026-01-01 04:58:00,77.43858635651688,5.053478462814381,95.07672607576369,1532.522504626807,6.269974234106061
2026-01-01 04:59:00,76.88888652577084,5.064339561239203,96.03738276442394,1424.845984912009,9.705971813547094
2026-01-01 05:00:00,87.51301496723379,4.86638190927139,97.88200709135911,1602.5973808861459,8.507829314428871
2026-01-01 05:01:00,88.31945687940909,5.198408469907305,93.17191297904925,1500.0969686342794,6.5931116351954016
2026-01-01 05:02:00,92.24188081536978,4.965008048660918,95.12939076891816,1530.8014364023825,8.324937463106929
2026-01-01 05:03:00,91.8311107963004,4.848850968101431,103.51713958393654,1562.5100103125847,6.461370974539584
2026-01-01 05:04:00,89.93729521810755,5.107301968714081,93.46315108884518,1649.7833744891982,9.651232097633908
2026-01-01 05:05:00,75.35198214992634,4.820306403641792,92.01063932752581,1655.495927800268,9.5920564473097
2026-01-01 05:06:00,78.83299468736527,5.005636231473826,96.84987510233053,1530.3361529568092,8.798009298232914
2026-01-01 05:07:00,73.2252858334925,4.99817620067116,103.65977751254923,1490.8401690639805,8.542491591870524
2026-01-01 05:08:00,76.64129214351011,5.217179113166315,99.01539096001555,1526.7252824240275,10.641782187301061
2026-01-01 05:09:00,74.39342204269832,5.09493964657599,97.67709460942191,1544.3827712936918,7.999529491082338
2026-01-01 05:10:00,74.34695639031834,4.9949946082509715,100.22179398757804,1483.9666187221403,6.227188811868798
2026-01-01 05:11:00,78.29633055596157,5.163553259840057,91.27146283570174,1589.7605677956162,8.67421086924846
2026-01-01 05:12:00,77.47624904696409,5.2780415098034625,102.47352826887516,1511.5035379595702,11.12907057430567
2026-01-01 05:13:00,77.44052890800191,5.111562061270372,101.91717515701822,1524.8871544545698,6.477860760221222
2026-01-01 05:14:00,78.91643642146299,5.002070523968676,97.9534576295214,1533.296212602723,7.457805849959021
2026-01-01 05:15:00,75.06301152489827,4.737632753529968,105.02962255898208,1521.0793305307227,8.624669057152179
2026-01-01 05:16:00,77.04585891388489,4.786977267384925,94.3625195052348,1541.9470250234806,7.919142726491391
2026-01-01 05:17:00,74.06919973021964,4.938955059129066,105.63954496626785,1469.1373406726539,6.526544629434028
2026-01-01 05:18:00,75.97249905746533,4.878097559568143,100.77246832797626,1472.0849123026985,9.682786784345707
2026-01-01 05:19:00,74.60957083689695,4.96260573940291,98.31723705060914,1444.9922883514153,11.48006108302589
2026-01-01 05:20:00,75.29098789497816,5.0113299849794215,99.90063182315845,1521.9750615310113,8.294197188535861
2026-01-01 05:21:00,76.78547107631074,5.105938550871346,99.46367617094529,1538.9468251756057,6.643897565395999
2026-01-01 05:22:00,72.54533795029958,4.985900244388182,106.10141448208859,1522.8886433075943,5.676559212419788
2026-01-01 05:23:00,81.27716182705637,5.0973003287652405,94.61660436264494,1583.7246216673768,8.386963971831772
2026-01-01 05:24:00,71.98194785550089,5.012894882962024,96.187403804267,1499.7201990585477,9.655816014974386
2026-01-01 05:25:00,71.3574341616368,4.604906686729226,105.1815144603624,1533.4370827796256,8.712751619743072
2026-01-01 05:26:00,78.4743326205002,4.812132921236249,97.0223253240807,1445.4149561930342,7.996394238621719
2026-01-01 05:27:00,77.3749880818888,4.971182488855677,104.50266538665795,1480.64501487628,7.116092522316041
2026-01-01 05:28:00,76.87235945115647,4.7580610514317785,108.49717991504355,1534.7768878782888,6.361754550922866
2026-01-01 05:29:00,76.88503652779283,5.119985745999241,97.99102486529183,1542.4551055371571,9.252126989487323
2026-01-01 05:30:00,74.96325968145926,5.30615016646874,103.40681163287653,1485.301652616791,9.370657432078378
2026-01-01 05:31:00,72.3082368855425,5.243752370339464,94.23153859330071,1496.4200374070967,5.6814053199639005
2026-01-01 05:32:00,75.22741367458119,4.957311425813958,103.77366649033905,1424.1063126659596,10.384758467271027
2026-01-01 05:33:00,72.96851486546366,5.29814522736999,100.99711992993383,1482.1485399596695,8.861106831341003
2026-01-01 05:34:00,77.92535920025325,5.029733491440422,102.36519141080107,1544.5191581759893,10.09939196771869
2026-01-01 05:35:00,74.55882785549359,4.932582805776392,96.77213963982302,1528.7602508053283,5.986808377272327
2026-01-01 05:36:00,72.52350840962247,4.877319467291812,91.69458292216413,1525.0332860690605,5.951263766876842
2026-01-01 05:37:00,74.03584247504102,4.939506062702375,102.51626032374753,1502.488684359048,7.776546035349055
2026-01-01 05:38:00,76.23879436282687,4.922364636291754,89.68298423760272,1500.3531579314088,8.754176640342791
2026-01-01 05:39:00,73.30882634158807,5.034083244475098,98.41324753878733,1466.9839430263276,10.694541234390446
2026-01-01 05:40:00,72.5333388133007,5.032114796209973,104.70590933209985,1534.9414210101268,9.059118370722697
2026-01-01 05:41:00,75.73106163447574,5.000609204030683,100.95948867936518,1521.0486472194696,7.63597808478195
2026-01-01 05:42:00,75.73489971332617,5.08738763394927,109.74171322394906,1524.60094239964,6.460446188501162
2026-01-01 05:43:00,73.47917047388661,5.238129254957268,105.12554576290887,1473.698257866621,9.845000859078725
2026-01-01 05:44:00,73.58688508314503,5.189910827088265,96.73050805837212,1392.3328540064379,6.552941861373927
2026-01-01 05:45:00,75.6961498120729,4.703020406310019,100.13656689925719,1554.8576355876849,10.442702832158481
2026-01-01 05:46:00,70.65574697550802,4.489215773019609,99.76314648727782,1476.0581271995798,7.573423025590236
2026-01-01 05:47:00,70.77760867687033,5.186863982247854,92.08911618326937,1456.861211797844,10.385873108926775
2026-01-01 05:48:00,72.8446673362427,4.726624260316916,95.29800541757824,1534.6739455956997,9.018396935088917
2026-01-01 05:49:00,74.35965854486446,4.955046919621464,97.1961954651007,1480.3993680040435,7.794506765836313
2026-01-01 05:50:00,75.93272269679402,4.765977394788128,89.81889748572031,1552.9968192023312,7.22090544226081
2026-01-01 05:51:00,79.42606865084866,4.639603912483996,100.23746734125821,1530.8502974788348,7.48863818398088
2026-01-01 05:52:00,77.57297886960606,5.108292545640958,98.7546407767348,1534.1784661600238,8.642475038562857
2026-01-01 05:53:00,74.52018441010972,5.15183103206053,91.63553049344213,1431.7022144399732,8.115734744326575
2026-01-01 05:54:00,74.94295137629193,4.8846979198546565,102.02106432638666,1560.59719926932,7.109282887896942
2026-01-01 05:55:00,71.99241190608657,4.481791541571018,103.5793637234548,1513.0625265616927,7.7515528845235515
2026-01-01 05:56:00,74.94446059202284,4.890751110349504,101.13517239432444,1481.53614303769,8.117865544578725
2026-01-01 05:57:00,74.13402408323958,5.0783608010805095,98.37965912395515,1507.1694233671126,4.806898858377782
2026-01-01 05:58:00,75.96815568101427,4.704217686245174,102.95721075875927,1411.188238355084,8.687252172183047
2026-01-01 05:59:00,72.51830716934303,5.036671983955831,103.40110180238345,1520.4326405740335,6.530418162924789
2026-01-01 06:00:00,76.55803954272352,4.996938030165401,101.53701784859844,1448.5314245908964,6.270001395191382
2026-01-01 06:01:00,79.59821673900774,5.115858299920218,95.8769387478262,1432.3664857078234,5.468983479333934
2026-01-01 06:02:00,74.67371955462943,5.02391607368283,101.38300382755591,1423.8820406891055,5.309161253198164
2026-01-01 06:03:00,76.20513516629683,4.805386211823689,105.9774032541274,1555.6344187494963,5.966828745331567
2026-01-01 06:04:00,77.07043197513333,5.239314300332898,97.01685470694134,1468.5368303153605,6.936468563554264
2026-01-01 06:05:00,73.7963385843425,4.968294085394606,110.48969669566216,1576.6863854958249,10.929888706289852
2026-01-01 06:06:00,75.67227744543125,4.994539092098013,97.37184533007307,1473.209926847385,7.211180486157194
2026-01-01 06:07:00,75.03777720234538,4.813346408185361,100.16203506670068,1414.6321021203526,8.266625159402047
2026-01-01 06:08:00,75.2930282956465,4.911343549761698,96.63757201996832,1444.1737780025671,8.600722079759493
2026-01-01 06:09:00,72.6809706484336,4.82303945719462,101.1163541796013,1561.790581000347,8.196597779323772
2026-01-01 06:10:00,75.07353052277684,4.9654107880153155,91.28889153682363,1492.2050911031665,7.8838348089110095
2026-01-01 06:11:00,76.49399487373636,5.342341696028469,97.26979100591639,1472.5856351754699,6.2070593546011334
2026-01-01 06:12:00,79.35343082338512,4.7256197714137285,94.53939399825717,1508.0009112926393,10.176391322418818
2026-01-01 06:13:00,77.87781247825562,4.677287720424652,100.67669173946146,1525.0891368083771,10.710794965456827
2026-01-01 06:14:00,81.45954737253467,5.294234065498721,104.97223687754453,1555.869940795123,5.476011958815971
2026-01-01 06:15:00,72.69795731133586,4.958135264569627,103.23003093557276,1572.4249614946464,6.46395711367043
2026-01-01 06:16:00,77.61696191016203,4.866185452268017,88.14170319570553,1482.0115677105457,7.580284486434491
2026-01-01 06:17:00,75.55002601721506,5.207980937479215,110.2103482646394,1433.697615695898,6.553193307634713
2026-01-01 06:18:00,81.56940879965302,4.878876892052627,101.47639970310435,1479.3267419438362,8.758948330183799
2026-01-01 06:19:00,72.57510514393455,5.365201942709387,96.11750429753499,1513.0140253291443,6.90759169639008
2026-01-01 06:20:00,72.48083447345768,5.135585174267854,100.7856395949547,1451.8120536894694,11.247584101709904
2026-01-01 06:21:00,73.20182206366793,4.9024177183708595,100.88094911251346,1452.142454255248,9.785822891515394
2026-01-01 06:22:00,68.62831282707057,5.431461642653101,96.66575641524219,1517.1893940774942,8.318861045948323
2026-01-01 06:23:00,73.42273493495772,4.8788570153993325,100.98958333671038,1497.5673824214775,9.540479394979599
2026-01-01 06:24:00,72.72260201533891,5.148419074401861,96.96263856189846,1501.6398497705793,9.658850636535963
2026-01-01 06:25:00,75.45118135942862,5.059858516081299,97.97819003654989,1462.0752332649965,7.154078767912635
2026-01-01 06:26:00,76.02526792733148,5.26034825787976,96.56860432122458,1488.4799642897117,6.775674133187053
2026-01-01 06:27:00,80.62851251764766,5.312302239345371,92.83664355130173,1453.7883427865847,8.117214594454472
2026-01-01 06:28:00,77.85127151455815,5.0064008298131535,100.72918235107691,1544.5099205562394,9.292454186746916
2026-01-01 06:29:00,73.2692890330128,4.8493164259307635,102.92649718258168,1551.7624667361877,8.208590597980127
2026-01-01 06:30:00,72.30475598595493,5.091994428587824,102.57441798038187,1407.6906068880953,5.634505276713504
2026-01-01 06:31:00,76.47575751451951,4.864456926049579,104.09962626317618,1453.5244569903796,6.795763334073737
2026-01-01 06:32:00,71.03930037893808,5.402677449505324,101.62170105007434,1425.173537245496,7.8890407046084325
2026-01-01 06:33:00,80.49437629756306,5.027307066216547,97.33637250891549,1467.498803279655,7.886501593511254
2026-01-01 06:34:00,78.53832036216386,4.9269356897375784,104.19831932215594,1495.828101510482,10.958813265184713
2026-01-01 06:35:00,73.59247304368589,5.036936061172982,93.21241230079032,1427.5177390150734,5.921018086401503
2026-01-01 06:36:00,69.86059641272738,4.730574742094061,95.4966430874376,1453.9070093437344,8.758383862753812
2026-01-01 06:37:00,79.06161712249624,4.805677192297869,95.17899964288378,1449.802131395925,10.233669662492435
2026-01-01 06:38:00,74.65638046424215,5.240082781588885,105.40028029569655,1510.363366469947,11.407174618134194
2026-01-01 06:39:00,78.71344893592038,4.868621144205721,104.71394257070038,1503.4672168518125,7.393403865224058
2026-01-01 06:40:00,70.2167170236169,4.790617803463612,102.43652618522498,1463.9131223331374,8.7371441790803
2026-01-01 06:41:00,73.20187493113868,5.107330550505457,105.35964932605899,1508.8410436069698,8.854640535797971
2026-01-01 06:42:00,75.01573109915455,5.237140830932599,95.60358608794006,1472.6659957706368,8.293222597329937
2026-01-01 06:43:00,75.14094178129423,5.143790662133013,101.7429755993049,1486.4172444836972,7.851732198141041
2026-01-01 06:44:00,73.64980358556227,5.199209537161163,99.37412785808418,1583.672604514927,8.65396308425007
2026-01-01 06:45:00,76.86854979704249,4.848640982286108,104.23441051942457,1567.0230525895174,4.2016308721704725
2026-01-01 06:46:00,71.79713871185221,4.715637866651631,99.42387883723902,1435.0209381536201,9.023104235093946
2026-01-01 06:47:00,74.57286154493612,5.3002667303910975,98.0752855579496,1541.4866208939586,8.189266855492951
2026-01-01 06:48:00,75.36088689513569,4.935464032231573,102.70454259280496,1540.5698277245797,7.666287654832602
2026-01-01 06:49:00,76.54331650217625,4.949833396708991,104.38084583595617,1442.586835562369,11.070293293579336
2026-01-01 06:50:00,77.13484463426667,5.265638828369812,96.65827402576599,1540.938882187743,6.9875989718141716
2026-01-01 06:51:00,71.62607372448639,5.111246001880132,99.69462164323812,1576.8965959206275,7.395386016402454
2026-01-01 06:52:00,70.39765748779314,5.091177554416322,94.70779683179174,1443.8727596877793,10.987329953307102
2026-01-01 06:53:00,78.83303046569553,5.433000468980217,87.50969491253531,1454.1248589492868,6.751908042725216
2026-01-01 06:54:00,75.99694203593877,4.871296353923971,101.00229815706865,1550.883073342175,7.174827075595192
2026-01-01 06:55:00,72.75454039033033,5.185568025616248,103.04452678127316,1513.5747655412824,7.779461864853725
2026-01-01 06:56:00,79.65345592656757,5.011402624979417,101.31033404543362,1527.5738137619762,9.261101723194324
2026-01-01 06:57:00,75.34702390287858,5.0537184557726516,90.25219141122817,1517.0294608200247,8.31170376102997
2026-01-01 06:58:00,78.53789155219148,5.305693685282506,98.24575284961763,1519.534796046407,6.0610619792716065
2026-01-01 06:59:00,75.20255544423033,5.101567151257925,88.9082611997446,1433.6763935844458,7.201747155309215
2026-01-01 07:00:00,81.18224377464597,5.107659215809926,106.84850553827093,1552.3658853310724,7.088968350181683
2026-01-01 07:01:00,80.26602252732961,5.21450146746196,94.56972708940957,1558.4794996213886,7.884168432165431
2026-01-01 07:02:00,74.25310755456277,4.927009454091423,106.27701804729948,1488.5304627965986,8.638765487944744
2026-01-01 07:03:00,77.91471285286306,4.832158066532199,104.72934821842072,1497.826152509307,8.627308633831959
2026-01-01 07:04:00,76.93612784875545,4.791038161195793,95.49704823731969,1423.4446248722138,5.335982368927397
2026-01-01 07:05:00,79.10589467259705,4.6067286821248,94.33607524366127,1525.7127378008918,9.595911481341284
2026-01-01 07:06:00,72.10522961825968,5.411241425988065,101.75185108193169,1528.6028720857073,8.378853268994936
2026-01-01 07:07:00,77.05815437999532,4.779358326855664,95.77837981408464,1496.8904491500346,10.07679807139086
2026-01-01 07:08:00,78.17527346054877,4.955749275282845,100.51242321079104,1556.217667993525,8.666297490936008
2026-01-01 07:09:00,69.72378154073066,4.944637340022216,97.58586204596541,1483.296138451003,9.651984436603643
2026-01-01 07:10:00,71.45022446200268,5.06148133956182,91.09420792767183,1528.23029629468,8.699817967175191
2026-01-01 07:11:00,68.88230346671969,5.163147442507859,88.84765990437771,1449.0167830653943,10.019338634304123
2026-01-01 07:12:00,74.19177949666633,5.172094697671949,101.13342124247299,1498.822392456288,8.783375954026667
2026-01-01 07:13:00,77.15262676738789,4.883384512286212,97.19221126834687,1491.2822871048581,7.853127130335644
2026-01-01 07:14:00,79.50707115628808,4.966575657242718,97.23455091542934,1511.2653961020471,11.408652080670322
2026-01-01 07:15:00,75.22228434125932,5.05651599009766,103.47931919546893,1481.5236535583322,9.333555683419839
2026-01-01 07:16:00,79.88584663671388,4.95026177476329,105.86721138316223,1493.4263702164167,8.86061663150662
2026-01-01 07:17:00,70.85969562535533,5.321469115203999,98.63727639319096,1541.3023585720753,6.085543375192496
2026-01-01 07:18:00,69.88985268193454,5.0981949903276504,98.29700646545069,1478.1617881380892,6.067538573804693
2026-01-01 07:19:00,74.83335690331015,5.146975557209964,102.50071516556942,1419.6711449630661,8.43907322321278
2026-01-01 07:20:00,76.15219634681792,5.1325762537334825,93.21532215150212,1587.479195210271,8.218281796652361
2026-01-01 07:21:00,74.90191575571772,5.234694771497065,101.11576527373849,1569.0727039345243,7.0788161524875255
2026-01-01 07:22:00,68.79767369988036,5.036204311740741,102.75942985911077,1435.386865244719,8.21147404941809
2026-01-01 07:23:00,74.73263988146164,4.740633610408831,103.40115104208815,1534.4853902622597,10.382940392065393
2026-01-01 07:24:00,71.08659149848545,5.079937590350529,90.31623648748767,1474.851261472433,9.043103711825449
2026-01-01 07:25:00,77.00901764649012,4.869728621241634,96.1932236509553,1513.174360766553,6.2884872353708925
2026-01-01 07:26:00,76.09979473829054,4.894276663650048,95.60868373588266,1514.7112064506746,7.832736759285584
2026-01-01 07:27:00,72.18036064101793,5.1172728037510185,100.49943477204606,1488.279609984184,6.7925502787211585
2026-01-01 07:28:00,73.45839924798992,5.247656614286727,102.40372289883992,1460.8117167206801,7.418450125387158
2026-01-01 07:29:00,71.82235943433315,5.004254315347213,107.48355203722991,1465.4729473841871,7.379576501555536
2026-01-01 07:30:00,74.81196270818049,5.061766602519793,97.52517259815963,1454.190404225938,7.283531626093993
2026-01-01 07:31:00,77.86542696150372,5.340442988927047,97.51213750845393,1458.4088895884777,6.117296942039908
2026-01-01 07:32:00,72.04282186099337,5.048150635897714,105.74836009439373,1496.6410854975322,7.8085179777227145
2026-01-01 07:33:00,76.51213954655353,5.520336622836079,101.48288469265152,1464.2120005444624,7.159088544729035
2026-01-01 07:34:00,73.40922714488268,5.113101929126309,106.33825755593986,1534.102603285631,3.6058269649965977
2026-01-01 07:35:00,72.62138150321297,4.647847448168837,101.44364001504918,1574.3623077667964,11.079458036752495
2026-01-01 07:36:00,74.67890892013632,5.150668324220907,94.21441690643364,1470.997337931498,9.633154481325008
2026-01-01 07:37:00,71.89427303274188,5.076231676976556,93.33435822611096,1511.970225026769,7.435548912612506
2026-01-01 07:38:00,73.33905208395845,5.257950550816549,92.24243875470536,1524.9842555151467,8.028228574610898
2026-01-01 07:39:00,71.40636632223345,5.134636270253992,103.31025917379236,1523.6001135459637,6.242518479023657
2026-01-01 07:40:00,80.89417539874917,4.972308803203245,105.94298411543504,1503.7977633958044,10.543584316716299
2026-01-01 07:41:00,75.10579065591519,4.755140352742127,109.24681070693191,1537.1341209179861,10.845933042159668
2026-01-01 07:42:00,72.90082347602224,4.9581953485427945,104.2155266616162,1524.1124476340328,8.235040592369787
2026-01-01 07:43:00,75.64193973220267,4.82989590915814,105.81419288767493,1438.116878883635,9.535295966278017
2026-01-01 07:44:00,74.66301585092751,4.883895310039056,97.09991833673158,1543.4578032194636,8.262930168400885
2026-01-01 07:45:00,74.33709120140033,5.117715680884122,94.21792091628072,1544.364541863337,5.994911841686104
2026-01-01 07:46:00,76.84250010013028,5.333980900870281,104.25039666208777,1461.8356947910709,7.382264946554514
2026-01-01 07:47:00,77.27252313014192,5.078934305964596,102.088403761197,1501.89689177238,8.197891950157935
2026-01-01 07:48:00,73.40849655716842,4.760823387592963,100.53722187170446,1534.1664496405535,7.318178421884833
2026-01-01 07:49:00,73.27254527806596,5.088920533644028,101.93685740316495,1489.534309021032,7.672020083847446
2026-01-01 07:50:00,74.17484490854507,5.23932629732913,101.61592741229103,1553.6489023883005,7.862900663736328
2026-01-01 07:51:00,68.09423650579325,4.878043419136124,106.41908429926781,1618.193624730968,7.878682253201808
2026-01-01 07:52:00,70.45442681340434,4.9731965666654165,106.47492792408478,1460.7006983682509,8.078387735746224
2026-01-01 07:53:00,79.10062280233358,5.0029376389458395,102.72110176170173,1430.9477698423113,6.409092400405099
2026-01-01 07:54:00,79.93490314050385,4.843020337383552,104.22901436281464,1515.1909297802438,6.924475776308096
2026-01-01 07:55:00,74.25289188133087,5.1296560867687715,102.57031276212388,1536.0781252563072,6.073123601450046
2026-01-01 07:56:00,76.7296708891673,4.9758103702784435,97.6941513398269,1488.4566813077615,9.466723324529301
2026-01-01 07:57:00,75.9337504636306,5.083906488781405,103.7828233745657,1572.6630331660517,4.841529587239513
2026-01-01 07:58:00,84.23664242536572,4.82250156443958,93.02752465570369,1433.0697100138375,9.730385514975389
2026-01-01 07:59:00,78.35872473430373,4.912508339935318,105.26945776147942,1534.6459311515805,10.079524095894264
2026-01-01 08:00:00,74.6162472255577,5.144476271565554,94.02738530116983,1469.7069589620553,7.546729119526068
2026-01-01 08:01:00,72.13337867819872,4.925433369581647,101.42901643397366,1585.9688953103648,4.095294368259053
2026-01-01 08:02:00,70.18066103922729,5.345392770246681,95.77423020786921,1599.625767658406,7.458034157049064
2026-01-01 08:03:00,75.61039090760167,4.92007276287708,102.76694491537214,1461.6671706108325,7.903723758066771
2026-01-01 08:04:00,72.73094776414709,5.044936945150377,99.83037387036046,1472.522143204571,6.48410267010663
2026-01-01 08:05:00,70.73323887120698,5.186518166374618,92.02622020918334,1542.9793943489901,7.227172409287636
2026-01-01 08:06:00,73.06028134727242,4.716326853413394,102.1034981550924,1480.6434675105243,10.295292798295026
2026-01-01 08:07:00,71.75535598915681,4.647838237603845,97.11039611583645,1497.7294391033881,8.99739074345261
2026-01-01 08:08:00,80.06142490521769,4.694868737085981,104.40573360406684,1501.2694210271204,6.61315382843285
2026-01-01 08:09:00,77.64491927084835,5.252516820685436,100.00662844367204,1404.0163421901173,5.603601245606852
2026-01-01 08:10:00,74.97608207605015,4.8896283708215105,101.97710492694019,1499.3081126952882,7.509474023585343
2026-01-01 08:11:00,79.43983241667007,5.51163985713365,95.21215522492395,1465.5136112967914,7.679814830974343
2026-01-01 08:12:00,75.23210492294285,4.887150480268522,97.05333884286318,1475.3438588800113,8.744298781044975
2026-01-01 08:13:00,72.4161473960152,5.036910260639408,97.70680681949457,1572.1816001734408,7.197024931148512
2026-01-01 08:14:00,79.56937223180897,5.308421990513575,104.28351240121277,1437.1746552860373,8.767249363042792
2026-01-01 08:15:00,76.61673013105397,5.401218577631824,108.38688543902745,1540.6602593373989,10.902731060090343
2026-01-01 08:16:00,71.88826153702063,5.412300715327279,95.97414124128562,1486.0518534834096,9.223251533666394
2026-01-01 08:17:00,74.42898396574918,5.241673246118628,105.3842407232884,1486.0119915752082,7.927867239003841
2026-01-01 08:18:00,72.37314523984573,5.204812505162293,89.15161291137149,1539.5185948025855,7.725274293420058
2026-01-01 08:19:00,70.85160080710699,5.118505389840236,94.02905299453855,1517.0025647284444,7.464990298730193
2026-01-01 08:20:00,77.77853264259493,5.155672215233327,95.20610771906613,1528.5306498609766,9.770961368678217
2026-01-01 08:21:00,80.7282499214104,4.8897628567342935,93.23745655279639,1548.409233026643,7.059029831073046
2026-01-01 08:22:00,70.80429727854258,4.8363602233155385,92.0820580510621,1483.4345808408339,8.067834063499975
2026-01-01 08:23:00,76.68890771007172,4.99932510851781,102.06499456068899,1469.3881632746125,8.076796852821628
2026-01-01 08:24:00,73.04807229263452,4.965963075495014,98.92966151136069,1445.74247367211,7.247323710782702
2026-01-01 08:25:00,73.53862384870591,4.909354390134545,101.89702698802554,1458.7294735010523,5.941301678173849
2026-01-01 08:26:00,73.2228182272834,5.139277489491343,103.45236343060756,1647.4547212654363,8.484461755426501
2026-01-01 08:27:00,72.40802769096055,5.191061041714102,101.32808496586267,1562.2339790368394,7.908494042216924
2026-01-01 08:28:00,75.14556488383448,5.017681377258369,103.28881588075187,1432.446281689599,8.750360704154854
2026-01-01 08:29:00,72.50714965076689,5.2955060162110525,99.65233856878865,1433.8771021628215,7.19959954034125
2026-01-01 08:30:00,75.81137047733952,4.771662177173299,94.06503305847127,1524.0933030859246,9.831231948219571
2026-01-01 08:31:00,74.8492856716526,4.961268108144056,105.28907090410398,1527.3632398688983,6.684839328182233
2026-01-01 08:32:00,74.28315585940076,4.856635535879439,97.05443933609436,1527.4441917658683,10.56806042602684
2026-01-01 08:33:00,72.27730901387521,4.626692676585388,95.32201850618787,1487.252210322315,5.378545235257608
2026-01-01 08:34:00,73.269686008295,4.98346386283146,99.11041062097802,1493.727286999855,8.652155096835337
2026-01-01 08:35:00,77.26617367747727,4.975650498323343,95.43594540351744,1516.3939762079679,8.713146023789935
2026-01-01 08:36:00,76.50275156287314,5.3026899486484265,97.91284809005283,1504.2946503146666,6.806664398088676
2026-01-01 08:37:00,72.06733426560434,5.126162336910956,101.72026960781733,1389.0349813626233,8.636590906791518
2026-01-01 08:38:00,75.29799691628767,4.795162635134159,101.74170869623063,1488.5100184712403,9.919278004640239
2026-01-01 08:39:00,77.25416137011537,5.370818513266838,95.51084966787185,1457.4296782869844,4.674771740968904
2026-01-01 08:40:00,69.99178415663589,5.244206739105071,97.56147313525628,1508.7605709454256,8.754117211236222
2026-01-01 08:41:00,76.63008057713981,5.116419540693723,105.37166502385122,1649.2629501301706,4.260093769504884
2026-01-01 08:42:00,73.01212872316246,4.954703180230034,102.4820005886697,1518.3740832737153,6.551502794715188
2026-01-01 08:43:00,76.71179600577948,4.808112152655304,110.37532519674271,1484.3235156913802,10.443749547351418
2026-01-01 08:44:00,72.71022253037245,4.92555864478579,105.90064086870764,1546.0900750988626,7.127326949911919
2026-01-01 08:45:00,69.58535369800644,5.2177497239408375,105.72146534279969,1524.1343943604606,6.239180053386541
2026-01-01 08:46:00,70.1173726863505,5.376917261186922,93.060657247721,1521.0047245225921,7.703093406522977
2026-01-01 08:47:00,75.14425483998414,5.308648705654438,103.81930175816711,1530.3425296607836,11.101859507245328
2026-01-01 08:48:00,75.77916750516445,4.9022301156427455,99.73446599151545,1602.827178241477,5.25247662919096
2026-01-01 08:49:00,72.28705012468677,4.776076513342198,97.24509098230875,1443.4555782337043,6.423035132540983
2026-01-01 08:50:00,76.91577737633212,5.0281772493822405,100.84007670266264,1523.6816038405727,10.24614752476944
2026-01-01 08:51:00,70.01543981319313,4.6463121268874295,104.72605767305741,1453.6809435009231,10.786553515306599
2026-01-01 08:52:00,74.80176060405805,5.064633542836956,102.50415795502106,1527.7756323171125,7.844853163564574
2026-01-01 08:53:00,71.36695140071264,4.9704794827402665,95.6076309932897,1454.0656744256953,6.141420946210037
2026-01-01 08:54:00,73.04449167659352,4.906792699626352,103.7122945679631,1479.1316593197457,11.143765252713738
2026-01-01 08:55:00,75.14219601394925,4.681059386546641,96.81206228962019,1485.2455042881047,10.391663587623796
2026-01-01 08:56:00,72.41875990414815,5.102720021313943,101.08341559482143,1548.7908359672354,9.01842048164335
2026-01-01 08:57:00,73.84633336731052,4.8934598320676175,98.48324966261433,1545.9227221971207,6.78139647659387
2026-01-01 08:58:00,78.01887842764332,4.7660166328579425,98.90566874132188,1437.7141311776809,7.926455988742945
2026-01-01 08:59:00,73.26932439143056,4.42554755734367,103.83121487520255,1502.7467055499924,7.759459878432754
2026-01-01 09:00:00,77.50707633619542,4.994497018989873,94.79903140092051,1464.5210072625414,8.496276956923367
2026-01-01 09:01:00,71.61087943602715,5.3544503193339485,109.72597537138466,1437.0747544662333,10.176502157197003
2026-01-01 09:02:00,76.58941253374584,5.332251842909574,90.89456965352753,1489.1491474787815,9.319125561706105
2026-01-01 09:03:00,79.3247058619737,4.908580748682746,97.01166158372571,1484.575860577209,6.383935884522863
2026-01-01 09:04:00,67.58506649961814,4.879557587927644,101.8510594497087,1621.335824317276,10.064744675029306
2026-01-01 09:05:00,72.60931423358856,5.093754851215005,102.92157083217656,1521.6479912680347,8.469698210019732
2026-01-01 09:06:00,76.73121638154161,4.800322912162342,99.49762139714147,1431.1191249622882,9.030598693788374
2026-01-01 09:07:00,74.39086384187102,5.060358379963893,99.71304648499229,1471.761299791453,10.199811288917903
2026-01-01 09:08:00,76.11343762011393,5.153216055676938,102.05275042663808,1551.06916477147,6.332629625729673
2026-01-01 09:09:00,73.18804443985253,5.245386644776861,98.8446526127116,1604.4221386434963,7.946261631940305
2026-01-01 09:10:00,75.2597693624187,4.979969184704009,106.96590628967454,1420.700834388102,7.2028181729611775
2026-01-01 09:11:00,74.53296829382376,4.959265249964607,104.196745571158,1406.0037807430476,5.648210861951816
2026-01-01 09:12:00,78.50334618497942,4.8244034826486875,104.36412175502818,1593.5482587685892,8.52006496640738
2026-01-01 09:13:00,75.76326252990364,4.834623929192028,95.16921638314791,1519.4807088685452,11.767334827376636
2026-01-01 09:14:00,76.01280798622561,4.954704221619695,99.60305787797148,1456.5853634061816,5.239883383241371
2026-01-01 09:15:00,73.7643691016326,5.073473101363236,98.49767025639647,1526.7314543061218,7.951579083425795
2026-01-01 09:16:00,73.53718132778252,5.18271692524665,94.97199312155267,1368.212613049156,8.96081440261216
2026-01-01 09:17:00,73.70232543654113,4.839364209863931,101.80082091972884,1500.1687753298581,8.184617302484272
2026-01-01 09:18:00,76.1833564271349,5.298537713791904,97.31177121110092,1516.3910586421543,7.83030792122639
2026-01-01 09:19:00,73.73704655753922,4.945775279791486,103.27701914925119,1546.2135069768915,6.051175454831263
2026-01-01 09:20:00,75.86932457068924,4.9957265411303124,94.64904218552834,1449.3052023853731,8.349180114410245
2026-01-01 09:21:00,81.22620239593631,4.850557664170435,108.5952030642091,1504.2843580701679,6.86485403447611
2026-01-01 09:22:00,77.61337411029508,4.515151947945411,95.5183367070397,1453.7287686970205,4.71511744253217
2026-01-01 09:23:00,74.02192940349647,5.17680907927221,101.09651168600217,1512.7691877837158,9.791888330770597
2026-01-01 09:24:00,78.60364176649183,5.147368779418486,103.95929655194034,1455.2326838818487,9.437578729763064
2026-01-01 09:25:00,73.77577388093535,4.943734488576357,97.14679784899944,1479.594958041989,8.07749146527662
2026-01-01 09:26:00,68.88562639446644,5.013398143444975,104.26234321716476,1450.2092302604885,8.343612032308554
2026-01-01 09:27:00,71.97574106724778,5.10318784354082,93.85408201099791,1532.5568120911828,9.611477019073343
2026-01-01 09:28:00,69.38762423692243,4.687490828622692,107.2605884959128,1542.9225558328333,8.336509485167124
2026-01-01 09:29:00,73.94545954787607,4.894189464530741,100.07074632482879,1488.2689715021293,9.356026332141973
2026-01-01 09:30:00,75.05525513756865,5.158852935924365,97.01794296015561,1501.9118997480014,7.553776698689225
2026-01-01 09:31:00,80.02931193682585,4.74914211536615,98.50409113786283,1427.5704292683229,9.96797560786092
2026-01-01 09:32:00,75.98078212129249,5.058711586433326,104.0445963469636,1485.0161675996605,8.481178588899025
2026-01-01 09:33:00,74.3426984135734,4.728683639075319,97.07772354074781,1497.4897691479127,8.291077915408811
2026-01-01 09:34:00,77.48821674355047,5.093285996486705,96.25321155288611,1631.0396545514986,6.094908366931952
2026-01-01 09:35:00,68.36659407297634,4.992871703540503,98.8923170120813,1444.4016487112917,8.430433781452564
2026-01-01 09:36:00,75.7068436743257,4.676973636818898,94.11518943615016,1573.2088619376218,6.7520676237583235
2026-01-01 09:37:00,77.3125955816609,5.232947870891434,109.10271953970908,1549.8429386732903,7.042575910207258
2026-01-01 09:38:00,70.56424126266047,4.85308168464039,97.16802704392639,1514.0318202245069,6.7769365575258185
2026-01-01 09:39:00,78.43126212962079,4.837949512597124,104.15808393090202,1587.9310242097567,6.400647602151162
2026-01-01 09:40:00,76.01548922248324,5.040113839446189,101.04735041823886,1518.6052736303432,11.187157104525443
2026-01-01 09:41:00,73.75413625829759,5.229727469885743,95.07732974759016,1519.4579597833965,9.997008592982604
2026-01-01 09:42:00,76.89834559831885,4.796835636204321,99.97022645393635,1497.3439673491227,10.880551253216392
2026-01-01 09:43:00,81.81207857341319,5.012335969969595,103.92001389655374,1561.1784441209313,6.165657470666654
2026-01-01 09:44:00,75.54559876517548,5.085763300066114,99.05869332456847,1554.8234616905443,8.106880624866339
2026-01-01 09:45:00,75.744661758901,5.138621121452629,105.96556472925514,1468.7161356251893,6.059738562193856
2026-01-01 09:46:00,73.62191730137927,5.035288311055445,105.10757696390932,1434.0376402700617,6.956457684204404
2026-01-01 09:47:00,72.45046689160563,4.926594432183336,104.59457427329164,1489.850968130217,6.622809524875137
2026-01-01 09:48:00,77.49100744963273,4.834481955870256,97.70171613863502,1459.9980717801177,9.859376009662341
2026-01-01 09:49:00,72.4317485222734,5.017228776609275,94.60078776109256,1496.8237712692323,7.40565548284736
2026-01-01 09:50:00,75.21469871165817,4.785572197602878,96.93206197318602,1561.871906734207,9.602569000541024
2026-01-01 09:51:00,73.56702765970465,4.415729903301078,100.9812047033336,1477.1349172456605,8.906181334382778
2026-01-01 09:52:00,76.43693947723918,5.087311960831533,102.72893356766178,1497.8588309344213,11.455458128157183
2026-01-01 09:53:00,76.00098631586084,5.180786968217239,89.14214297619776,1502.9011367404198,5.780833665290414
2026-01-01 09:54:00,78.1126198327737,4.527413512891632,99.95943399194125,1542.4215441102642,9.888849859680198
2026-01-01 09:55:00,73.46995080343576,4.798053859058013,100.79044612661592,1387.6555333007698,9.719661305601091
2026-01-01 09:56:00,74.19037519411988,5.123830852201039,98.61227871842225,1469.6649852617352,6.539931742959448
2026-01-01 09:57:00,72.06370885265308,5.411499093942339,106.45636919507939,1510.5641846139736,9.51070000470974
2026-01-01 09:58:00,73.66712021977166,5.004158741535082,102.10890037125435,1560.003947821343,8.504217444539343
2026-01-01 09:59:00,76.13190147913456,4.854399411754173,106.55095954040449,1475.4048776246898,7.658785610069888
2026-01-01 10:00:00,77.27096584993606,4.963420711779032,98.92019739824885,1406.1723646979062,6.764096769542
2026-01-01 10:01:00,72.23350402746712,5.274975283829637,104.68738746253463,1530.9855722983068,6.921335822826221
2026-01-01 10:02:00,77.60881776031698,4.870807164175093,108.1753319726376,1468.2318805587186,11.07471814367889
2026-01-01 10:03:00,79.06691357641485,4.840161598669949,106.5584672463633,1440.5166670454819,8.001024228436224
2026-01-01 10:04:00,76.24030470967111,4.903451295563594,94.53929203285634,1468.7827305143387,9.173195002297188
2026-01-01 10:05:00,80.6303874376742,4.809334278348257,98.7316196122881,1490.7737321172076,6.813650927498671
2026-01-01 10:06:00,72.67863240268927,5.024534063198959,98.27417647275102,1469.7627667730894,6.830220580667541
2026-01-01 10:07:00,71.26603589006575,5.324935691693912,102.44627267538164,1389.7216971450466,9.622977213874913
2026-01-01 10:08:00,69.66383925328716,5.064615854623206,103.43176777507267,1544.8533098443565,5.975635682672702
2026-01-01 10:09:00,79.48813293446754,4.949529299574743,95.80553662987131,1563.7437520639362,7.377179348142093
2026-01-01 10:10:00,76.96309696906218,4.941637746216891,100.33919256958468,1532.5760995669752,8.051041116608348
2026-01-01 10:11:00,74.83324598726864,4.687361838260669,89.90036333921933,1443.1157164787592,8.167058902760079
2026-01-01 10:12:00,75.83990587895946,5.1766219554294315,107.20972502900945,1489.925423302624,7.731360072475765
2026-01-01 10:13:00,71.62353285810487,4.9844325605974396,97.43812879661654,1499.6739342385272,8.593729671643885
2026-01-01 10:14:00,82.33725593885048,4.963904017281875,100.27931969922248,1529.9397194780954,9.039283633726717
2026-01-01 10:15:00,75.38766354592568,5.638621513568972,98.45175143005969,1533.417024435904,9.101956318188995
2026-01-01 10:16:00,75.32818438381467,5.059750581673137,105.73013787506707,1463.2913100610751,6.52129428699826
2026-01-01 10:17:00,77.17729987169608,4.849641789980963,85.8124677930131,1504.0997778206781,7.573767353106804
2026-01-01 10:18:00,76.44302769521013,4.914728480758892,99.91694828837045,1522.864020230762,9.792144292815406
2026-01-01 10:19:00,75.67165207283739,5.229689141839351,99.47090621251151,1572.7911161073384,9.341970781360809
2026-01-01 10:20:00,72.62857663366407,5.022654082107553,97.73181806204158,1535.2253269912362,5.940710822778405
2026-01-01 10:21:00,76.41440507140798,4.712344404336527,108.63113272817816,1539.452834368776,8.527219850528303
2026-01-01 10:22:00,80.6460734894251,5.1838457869150405,95.56335270572114,1504.191331396468,5.032662125937785
2026-01-01 10:23:00,79.03626013846494,4.866371182892201,103.8589808861783,1570.5229572601752,8.070402353090554
2026-01-01 10:24:00,79.7795598799182,5.374659555243509,101.78126394353042,1520.4881397979748,10.846650525118966
2026-01-01 10:25:00,73.46635297070644,5.21600961314293,106.30759626267758,1456.9456044913215,6.578160924096521
2026-01-01 10:26:00,72.03118553922425,4.91053562086825,96.66405457611248,1570.1684985062595,6.748515431762627
2026-01-01 10:27:00,74.62263923970106,5.2562032723470224,96.3351555043812,1534.8951636269514,9.14604467235929
2026-01-01 10:28:00,75.16717473686609,5.01357110210548,105.48034953738699,1477.847798943576,5.685797727185531
2026-01-01 10:29:00,78.28257455541285,5.170554735024444,102.12660654165055,1476.025351630038,7.050867455172441
2026-01-01 10:30:00,69.92260611085554,5.096946563458895,92.27531326661621,1514.8287772570382,8.894661706372629
2026-01-01 10:31:00,79.58865095838183,4.830728669001825,97.30347492768365,1523.1592397633792,7.048571228465895
2026-01-01 10:32:00,74.52597630426303,4.871290033536508,101.93191326924031,1509.8646132815604,7.646045019183543
2026-01-01 10:33:00,73.71935679015775,5.205992163516232,104.18882110773295,1515.5654336721443,9.116278565472552
2026-01-01 10:34:00,71.96368687421949,4.9330449335786914,96.60384673403523,1584.997868728819,8.632319125304843
2026-01-01 10:35:00,70.0354299844027,4.919270307351601,85.4287200509153,1553.5771576117443,8.400227594443102
2026-01-01 10:36:00,77.46951175188575,4.808975484130129,102.61611592868516,1509.5317795632511,7.491316581094942
2026-01-01 10:37:00,75.2199539015652,5.084719813118692,93.89839655028013,1547.0655290383743,8.555091672903433
2026-01-01 10:38:00,71.13011730077685,5.412504983848629,89.91330600938794,1448.373804823623,7.814400979850365
2026-01-01 10:39:00,71.11476368380914,4.786493417149146,85.8383703750793,1519.8963524973406,8.686708414888678
2026-01-01 10:40:00,73.99264590212961,5.004843891334551,104.06990430098871,1590.4653174866555,7.254601962323033
2026-01-01 10:41:00,80.00706457586818,5.282444111083086,100.64308725202483,1489.0977052303813,7.726146538430688
2026-01-01 10:42:00,74.22122594590918,4.9840717217508566,98.87171809643874,1457.6183035690458,6.515063311171979
2026-01-01 10:43:00,70.49057114064568,5.090474359249947,106.9451218148138,1467.395555570347,7.947488584990646
2026-01-01 10:44:00,74.26277080774217,4.787521294370624,103.18662341511536,1445.5183481328806,6.783498704556733
2026-01-01 10:45:00,74.181829290757,5.0856614194415295,108.08150021360959,1460.7619045936149,6.32893032475701
2026-01-01 10:46:00,66.90934007117528,4.96257114699909,93.03632263916502,1481.4745950704985,8.387991721783083
2026-01-01 10:47:00,74.83711540044656,5.197145999135973,99.82724688023018,1429.7216490410678,8.31910966378649
2026-01-01 10:48:00,74.30719640937397,5.23747721031295,91.91643312525993,1500.78091669748,9.174310602422858
2026-01-01 10:49:00,77.08861909444026,5.517912728403723,98.85308834072266,1545.1138586893323,7.353311645637351
2026-01-01 10:50:00,80.54686828483604,5.115926634642715,98.75692073116662,1454.612190992654,8.612079270255133
2026-01-01 10:51:00,78.37969508864327,5.065159263316433,103.13306818631536,1575.9641961820885,8.826196358410495
2026-01-01 10:52:00,74.1933339283355,5.038876860315467,100.2278194057095,1525.5396044263798,8.667160711747393
2026-01-01 10:53:00,71.680422273775,4.929366741437862,103.11703569139958,1551.5290292812028,6.761519475796787
2026-01-01 10:54:00,82.72007940974959,5.067696768692338,103.51720066569447,1467.1082723073932,8.224045223406783
2026-01-01 10:55:00,75.17765530204346,4.940919717972194,110.77464338691571,1542.7262613533308,8.546210444081993
2026-01-01 10:56:00,75.04178787573883,5.033692195253923,98.42351672356938,1445.4033049802345,8.010767700361914
2026-01-01 10:57:00,74.92762473866999,5.263519507121592,95.2948864966681,1544.5123750418254,4.870283512443373
2026-01-01 10:58:00,75.59425428230357,4.7986914869440715,101.23041807658204,1508.5919669896766,8.24073443596022
2026-01-01 10:59:00,74.56691876422818,5.227975712225809,95.98859986430229,1527.662560999239,11.318796559095864
2026-01-01 11:00:00,73.27901397935929,5.263423013467973,107.40980384218268,1441.2202697187574,7.459941096864526
2026-01-01 11:01:00,73.35942317627882,4.9763862946017845,98.58390980527383,1455.2465078861699,6.907884353217018
2026-01-01 11:02:00,74.90174018935201,4.575629020198281,97.17211816063005,1529.8614109126693,8.560022839567097
2026-01-01 11:03:00,73.3697256865987,4.8784356025811135,97.64342139424441,1452.58259978879,8.468567315699858
2026-01-01 11:04:00,72.86146265196851,5.259398909312222,103.5920871173582,1523.160314604956,9.789102748124622
2026-01-01 11:05:00,75.31929068307569,4.995426387540223,99.21126508384258,1431.6431096769877,6.113197766136668
2026-01-01 11:06:00,74.23506834773744,4.800139553541018,96.79166589934809,1542.4087106333334,9.097070378862488
2026-01-01 11:07:00,79.51197896574807,4.899045015754356,108.32675958811765,1438.3738342615745,8.885633091877196
2026-01-01 11:08:00,67.04709057482097,5.1681240053009105,95.71915079669125,1527.6149968839761,7.786780194589181
2026-01-01 11:09:00,78.27452055576738,5.109346713640276,100.17783037016497,1531.2815466823001,8.508030976882536
2026-01-01 11:10:00,78.7382555774929,4.952213580166061,103.26153075805115,1465.1614090785213,9.544186222397535
2026-01-01 11:11:00,68.77982930277555,4.926635117637063,91.84332444791464,1529.1013283542363,9.308473070042675
2026-01-01 11:12:00,73.97193721775895,4.921648370191235,102.40130250702963,1513.0221131666779,6.285471031889407
2026-01-01 11:13:00,73.88567740201263,4.8155179631003,94.72446162259776,1473.057907190363,9.230237280133228
2026-01-01 11:14:00,70.77746491584654,5.3230751378938885,104.11391390417,1449.5722657961896,7.902967092451222
2026-01-01 11:15:00,72.66654993722737,4.935535906157732,95.18674494040512,1401.868715416371,8.109311147023273
2026-01-01 11:16:00,71.66827246360252,5.243431704165099,103.4638451592443,1517.4825023649846,8.109795486502541
2026-01-01 11:17:00,80.25681133027086,5.30426321038449,105.52916533147356,1421.7598614318972,7.7746355168026104
2026-01-01 11:18:00,77.80703517944238,5.199662179629592,104.30718262816403,1504.7672099720653,9.787561245660598
2026-01-01 11:19:00,78.81466528498248,4.91367593745639,101.25658324119051,1486.8275891958876,7.8744230602261815
2026-01-01 11:20:00,77.16501619212971,5.080746018067322,98.84349528535151,1533.9571387719097,6.320680807425247
2026-01-01 11:21:00,71.61284468634831,4.9951608787218165,97.11790211832579,1484.8977250255068,7.409705216045407
2026-01-01 11:22:00,73.42643920116068,4.819259627853975,107.35517345408552,1483.5276106826454,8.268042075215714
2026-01-01 11:23:00,76.46812368368376,5.064871856344321,96.50252389916179,1536.5935352144147,9.843822176445576
2026-01-01 11:24:00,71.33361657332416,4.764192041768039,94.81466963215001,1516.7529014542058,8.90464202742325
2026-01-01 11:25:00,77.13899529051716,5.237535877692313,103.32684467516415,1515.8077978591389,6.724197081879434
2026-01-01 11:26:00,74.2790238055256,4.907076540540322,96.01931598406752,1523.4633794904264,11.727784875018337
2026-01-01 11:27:00,73.87553757735121,5.040231931174568,95.24968251266937,1423.2213938396446,8.39716296646697
2026-01-01 11:28:00,77.13287990461048,5.056657574309228,92.78197868915117,1537.839433999349,9.913086106998522
2026-01-01 11:29:00,76.33278993445812,4.948219005259184,97.58545080269741,1530.6234397006801,7.772428349634156
2026-01-01 11:30:00,73.91710150254276,5.117338760295055,99.58642488051754,1449.1658435711752,8.800038867058174
2026-01-01 11:31:00,78.47798941009275,4.905019268675495,101.21545863830349,1487.7959763162899,9.259202756777608
2026-01-01 11:32:00,71.75681001720031,5.174259459491449,104.75653122149741,1498.0346356186185,9.827292067631383
2026-01-01 11:33:00,76.84780682083279,4.73080406395065,102.63448961832897,1493.2751607799134,9.586052458067337
2026-01-01 11:34:00,76.77930377390516,5.025275915909282,99.0456389022341,1516.6929983284267,9.308295500109466
2026-01-01 11:35:00,74.07136068205803,5.387785799811657,99.0090216181014,1571.5683390915592,7.527369903208837
2026-01-01 11:36:00,75.97839906672635,4.799933735078885,102.55078734457592,1554.0883363836415,7.142380937065908
2026-01-01 11:37:00,71.24665927084409,4.86445100589503,106.36285081464285,1434.3890403284297,8.498911265486296
2026-01-01 11:38:00,77.77208105762071,5.102781569931783,100.631570997416,1531.1034995153025,9.399692108511605
2026-01-01 11:39:00,74.44529359067103,5.0359163563879195,97.65434572894796,1566.4466659767704,7.665918948835089
2026-01-01 11:40:00,93.43183093844289,5.070126019854712,95.03566999457227,1619.34042603446,9.59775794857158
2026-01-01 11:41:00,98.14702767751066,5.097837426029533,92.77397367793887,1654.5490212592983,10.17892511822927
2026-01-01 11:42:00,92.88696892837172,5.126944293712354,103.33134836021762,1700.6135222850382,6.625518621389871
2026-01-01 11:43:00,90.77461611090932,5.221939968391244,102.88989261819779,1651.185477305349,6.74461894430558
2026-01-01 11:44:00,90.3301124794283,5.081963731385702,102.88681762553331,1612.4654297820864,7.7894374116419955
2026-01-01 11:45:00,76.81802985403692,4.951748469076292,99.35670276823971,1552.2544237042378,8.461419002283794
2026-01-01 11:46:00,71.15871194251115,5.134514740240546,107.03467372945876,1507.2443916548445,7.213149479349424
2026-01-01 11:47:00,80.2643825459531,5.379976386979044,97.57940752707592,1501.1951521642477,10.028304018300716
2026-01-01 11:48:00,68.75421177634884,4.973473250723485,104.77634618603602,1482.4292882143134,8.636100292277677
2026-01-01 11:49:00,80.08936910487012,4.805094139065872,99.80628552505229,1578.1706679416054,8.05917057236111
2026-01-01 11:50:00,75.63305240160786,5.221416133857394,96.95824617660331,1459.0785667029,5.846135714197208
2026-01-01 11:51:00,74.70986066438883,4.97592376720928,102.96265153658881,1576.6183862339058,6.0262762753587396
2026-01-01 11:52:00,73.36524273957315,4.565466090797193,102.04818059341997,1524.9932061870186,8.42151387542271
2026-01-01 11:53:00,76.19740834305621,5.169484335430084,101.78486379633463,1430.034691259903,4.801106560767746
2026-01-01 11:54:00,74.88709589272545,4.892934362809216,100.40639211028099,1518.3824646495711,9.518956114466107
2026-01-01 11:55:00,78.30990564604957,4.981893343539168,99.81053459141584,1394.9986746174188,7.76276923344152
2026-01-01 11:56:00,75.34268294598611,5.0663960661138026,111.94185996435219,1531.2754008415518,12.8646394543921
2026-01-01 11:57:00,75.45090528438563,5.038099935955813,105.92128322598086,1544.2615741494496,11.461874375924166
2026-01-01 11:58:00,73.90916336335843,5.141890363427808,103.61413447492757,1470.3822022173972,7.727826396128725
2026-01-01 11:59:00,74.8291631288368,4.912902725886031,100.55899579101694,1506.177384797779,7.840494496203028
2026-01-01 12:00:00,75.92340530667617,5.102621159635216,105.03578600298334,1597.7078716875144,9.493372271003045
2026-01-01 12:01:00,69.86949482203012,4.9480906644832165,102.58997388195726,1474.7126647869031,10.554758914877056
2026-01-01 12:02:00,70.95544373368286,5.147762096177501,100.13102376387018,1447.05462064717,5.542956413845975
2026-01-01 12:03:00,77.22979228206815,5.12307349680261,98.48217837367042,1574.08317012313,5.32043680196797
2026-01-01 12:04:00,75.51259631438383,4.812912259591081,99.59541331168656,1598.1293595265397,7.066947791668428
2026-01-01 12:05:00,74.44804999094197,5.2171964232350065,84.14787132060972,1500.1847835923925,8.874106374760796
2026-01-01 12:06:00,75.05530179919617,4.89280731097719,101.0530041964882,1550.5731517704178,8.745310385761396
2026-01-01 12:07:00,76.04274511608502,5.161611559656229,97.5576195994482,1567.073795776544,9.604657182475776
2026-01-01 12:08:00,73.38072095907191,5.073457462680268,107.96334999141442,1462.8757883730807,6.200453707452038
2026-01-01 12:09:00,72.66508582379306,5.367636735359024,100.09672035405877,1475.7347082316066,4.525784205546685
2026-01-01 12:10:00,75.58753576529304,4.955306803525629,94.05518290232519,1561.5437256577368,9.287021292953218
2026-01-01 12:11:00,72.0648816671549,4.930136640776361,99.75059922935941,1584.2507139354254,6.757705590552148
2026-01-01 12:12:00,76.22475826714341,4.996116078822453,94.76939457468748,1528.1440430087177,4.972268203417043
2026-01-01 12:13:00,69.89224918728648,4.9393640434331445,102.36703707856233,1456.0092823248972,8.217595618939072
2026-01-01 12:14:00,78.08746691197693,5.15998838038841,101.45473682169742,1599.353055584972,9.189763532328016
2026-01-01 12:15:00,76.41779244723912,4.676737878312682,104.78919815554134,1473.4514551094019,7.816914301818084
2026-01-01 12:16:00,75.76808920294162,4.789263516170729,96.04559104152717,1483.2431109414274,7.313227420726266
2026-01-01 12:17:00,77.94807295183654,4.786439415684161,100.17004048114073,1517.116891724481,7.76095665178114
2026-01-01 12:18:00,79.99642333338772,5.190061518394715,93.17489102286683,1577.7080210357387,7.444125856398825
2026-01-01 12:19:00,78.0431101950544,5.342122674516385,103.50747390962357,1542.6987988276112,5.977929332089749
2026-01-01 12:20:00,69.47737730600507,4.9791101562925055,102.5943559022006,1520.7432750180956,6.927978984514352
2026-01-01 12:21:00,71.16126909979289,4.966235655361998,102.47902510513785,1523.1644265059053,8.781919857520721
2026-01-01 12:22:00,73.12554426691297,5.014010432622636,100.0080951567847,1502.1757334321733,8.48251781206475
2026-01-01 12:23:00,75.0782731506325,5.2323756605216385,102.07386445394395,1527.9069757259253,8.25208970895023
2026-01-01 12:24:00,76.55297706140738,4.814529373161885,108.02169554154298,1373.5219961152848,6.507277277219931
2026-01-01 12:25:00,72.8227685605396,5.047673796546957,98.57452871478993,1485.1696270465102,7.727745256796499
2026-01-01 12:26:00,75.56030029343124,5.195039525956486,100.69322591855043,1512.066096745839,4.734402430335718
2026-01-01 12:27:00,72.73385120294003,5.100218833987969,94.56936850409295,1442.4492958190247,8.267714995828085
2026-01-01 12:28:00,73.16544659102415,5.037916323319749,95.65869519200834,1519.316165890578,10.143286561720352
2026-01-01 12:29:00,70.78001670945534,5.200209218513428,100.48906646546654,1489.776438950694,5.788801801936842
2026-01-01 12:30:00,72.23030026166728,4.459353541400152,105.51966773350954,1587.7737849157745,7.121108490023367
2026-01-01 12:31:00,70.944946183151,5.135575063906182,98.71859587874214,1578.650986260743,8.493660168065194
2026-01-01 12:32:00,72.072380241068,4.869184863374516,98.82041735343938,1476.709721544092,9.879263951641226
2026-01-01 12:33:00,78.16092538982352,4.633873420628708,97.96557377747813,1492.4581144216652,7.327663075549776
2026-01-01 12:34:00,72.15180333350418,5.1022405199049965,97.32621664577839,1496.3026217195804,6.961624506101155
2026-01-01 12:35:00,82.89714619451217,5.274731709032592,101.4748572785441,1477.417026192019,5.046615286375875
2026-01-01 12:36:00,76.47995370264266,4.972510297074462,92.51371177410678,1509.7512492014064,8.15515719396216
2026-01-01 12:37:00,75.55450837108462,5.1905749094405875,106.40469788333364,1462.0858965556206,11.063114060215616
2026-01-01 12:38:00,72.42492665945636,5.322455651597729,96.6728885093527,1443.4692332531238,8.416037692947015
2026-01-01 12:39:00,77.10092963822697,5.26298289071681,103.60951742719071,1531.1355611950135,7.96658153122443
2026-01-01 12:40:00,73.27308652128667,5.327992905874279,93.65000701303062,1531.4764792110905,8.483123466150477
2026-01-01 12:41:00,75.36602944393609,5.148425498214379,103.34420065273109,1459.7842120170003,7.983361994077097
2026-01-01 12:42:00,82.68025361480639,5.015086727780319,103.35972303907249,1544.76777153813,6.780478441609805
2026-01-01 12:43:00,74.71182030082605,4.679606837620566,101.92101036002948,1468.4211135417333,9.234919873516558
2026-01-01 12:44:00,78.44781997885703,4.95078750237401,95.02785739100104,1512.658261901899,8.338642284667632
2026-01-01 12:45:00,72.89047072462233,4.831350680936762,101.24774094799038,1541.0172006306227,8.026419877900485
2026-01-01 12:46:00,74.89503452850911,5.4341885434995625,94.08471907632806,1498.3193717648144,6.536950959082625
2026-01-01 12:47:00,80.31240190690653,4.964822837513533,98.73618372451908,1522.7370456070566,9.955261897902139
2026-01-01 12:48:00,73.1190988266367,5.024640961356897,105.14706550477663,1474.1785178056214,8.997054117999665
2026-01-01 12:49:00,80.43734567399079,5.110297075208093,103.98350963535371,1490.1766708285952,7.170618743949047
2026-01-01 12:50:00,77.12325580636643,5.0087204892744905,100.07591471270217,1489.707028455983,9.502737280522906
2026-01-01 12:51:00,73.31259967231719,5.339010208086151,95.1259671203858,1462.671082672988,7.253643742422189
2026-01-01 12:52:00,76.89722321716657,4.875470127653109,103.22793856087097,1491.1612918442108,6.826994761233444
2026-01-01 12:53:00,77.91766334888018,5.038921491047448,100.09690618849012,1422.5690850568126,6.860445323779569
2026-01-01 12:54:00,76.86542988665158,4.8515058828603905,88.39842200884789,1475.4423126428949,5.343397170367863
2026-01-01 12:55:00,70.28932584032863,4.735995497755859,103.91314913158259,1485.7562253315164,8.707313570627308
2026-01-01 12:56:00,72.81858847252539,4.8776461818189425,99.87883583065154,1487.191012375231,5.2532826824924745
2026-01-01 12:57:00,74.25744409334548,4.992592640590318,106.01225623991536,1487.9251277064611,6.1573342531013555
2026-01-01 12:58:00,74.77669971269987,4.914139555096548,94.52364740578598,1496.9117900069934,4.8866179863822
2026-01-01 12:59:00,76.86201629265203,4.861515804025228,84.11648093401999,1523.9720759043032,7.87089546081366
2026-01-01 13:00:00,75.53310300279976,4.718736507265633,101.39541929172593,1543.7258537066261,7.774519309592192
2026-01-01 13:01:00,70.99396692386969,4.983378885474261,101.45781838340986,1467.5117386575866,7.509955680220454
2026-01-01 13:02:00,76.1405935530179,4.699055925193799,91.54664186196774,1439.8399572305427,6.436133457994136
2026-01-01 13:03:00,76.83175723585147,5.152011192737921,95.10750227066697,1447.8977793878448,6.24164936984504
2026-01-01 13:04:00,76.67937134379312,5.0164879505869004,113.77608871859951,1475.6398539402537,8.69655479531986
2026-01-01 13:05:00,78.24234217666387,4.708489700107014,98.47194692923098,1482.4039341091745,7.174172102437268
2026-01-01 13:06:00,77.50176646364672,4.938158184590027,103.65479488188107,1461.500196690127,8.474537482304218
2026-01-01 13:07:00,76.37754023768531,4.8495687188818835,96.74670086315808,1435.1941667875053,6.672126970813666
2026-01-01 13:08:00,74.78950286562406,5.063834902083836,89.54848550573422,1477.1939586262906,8.271594114156624
2026-01-01 13:09:00,70.01711719945203,5.2680900892046285,99.14870876602048,1509.0713310056985,9.954917055974096
2026-01-01 13:10:00,76.28885465739776,4.624965506070851,98.67197719856948,1529.7514732917782,8.879248700589175
2026-01-01 13:11:00,75.62306306148933,5.023005215829484,98.00060880665814,1472.1288473445838,7.38137927267528
2026-01-01 13:12:00,75.81473651158612,4.967973440886672,99.42679582246804,1479.3501088928283,8.385798455533891
2026-01-01 13:13:00,71.16975427253907,5.134268015290093,101.32134135822818,1453.6650845576344,7.6390022382046805
2026-01-01 13:14:00,71.75683037877522,5.042639325647538,99.24941524373097,1498.4280414812613,8.011820277042093
2026-01-01 13:15:00,78.15945855999871,4.8496061336522365,93.67996916026318,1457.5785682904593,7.511583421777244
2026-01-01 13:16:00,74.88133453843004,4.936189212866676,102.4309239578097,1528.65639066206,7.753497191171913
2026-01-01 13:17:00,77.04450209211787,4.840794828639302,90.25314122338789,1410.7066754032944,8.318140029611262
2026-01-01 13:18:00,75.08495512839139,5.21520142771972,89.748212713579,1482.018516377377,6.5099619506270745
2026-01-01 13:19:00,75.08926841848724,5.004262329734388,103.69590247350784,1515.055366959587,6.476181759515033
2026-01-01 13:20:00,77.814851417928,5.380238137150601,102.53510136067679,1509.1917258161252,5.917186169253183
2026-01-01 13:21:00,73.45186581534787,4.987867837237076,99.71302317462983,1634.6516831990248,5.599593343244435
2026-01-01 13:22:00,75.28836233082295,4.858318646617907,93.02275747622464,1517.4900012283954,6.174075961669281
2026-01-01 13:23:00,73.61317413388487,4.697257121477435,96.46044529662963,1449.7972701578994,8.239193760206193
2026-01-01 13:24:00,73.69651131770306,4.639372064748811,98.68626626156748,1495.2267876455464,6.660818726762174
2026-01-01 13:25:00,74.07248362959407,4.683172811398902,92.02053015712943,1411.1876833266774,8.770421696346645
2026-01-01 13:26:00,75.66640131490114,5.0534253302022965,96.30485670988384,1495.970012535162,8.052070623128843
2026-01-01 13:27:00,73.56375413500957,5.101745004645987,103.2616516908834,1458.347197149962,5.04724367984292
2026-01-01 13:28:00,78.76726837672057,4.683761859593574,107.13652682144608,1545.769513778008,8.982463376332534
2026-01-01 13:29:00,72.31617809334149,5.1790076628152235,97.90282623670724,1472.5229862702233,9.216197968387565
2026-01-01 13:30:00,74.43938506751593,4.903387789663312,103.7824417715805,1494.1617042102378,6.50920598774772
2026-01-01 13:31:00,73.68080682517747,5.02935860239711,90.42969964706266,1468.22210792978,8.630287314342487
2026-01-01 13:32:00,79.3409336530612,5.322444125651085,103.29725620556806,1586.9425675926666,6.715252643886202
2026-01-01 13:33:00,75.58966432953473,5.179367863173106,95.9802579263626,1483.9378616941044,8.146505565122503
2026-01-01 13:34:00,78.09553361840591,4.946293870418834,101.53672808353986,1591.62785217396,6.103252389567551
2026-01-01 13:35:00,70.54331888088909,4.821761554916942,98.76123790880145,1540.7075881059134,5.310340321198135
2026-01-01 13:36:00,75.80115079760778,4.569636919734139,106.60207004891917,1524.1033363667693,7.425774215580547
2026-01-01 13:37:00,77.66889238687031,4.856169336151516,95.62782175830041,1518.436657365876,7.814406580587746
2026-01-01 13:38:00,75.24685196782627,4.9577739522344615,103.13803148780916,1519.6898649108125,7.403480459578094
2026-01-01 13:39:00,78.19644112519606,4.802564094569763,98.60246268351733,1403.6163710327196,6.2239541626661605
2026-01-01 13:40:00,73.44813464969889,4.973748606581539,99.20847260995168,1486.0558302924621,7.400151406803294
2026-01-01 13:41:00,79.22804232055674,5.015370376591753,99.08073053420395,1542.257898559216,8.403942128871101
2026-01-01 13:42:00,81.89669437085774,4.955028803638385,95.77163447752943,1497.5551408262947,7.932660454816195
2026-01-01 13:43:00,73.91148431868102,4.869999483835308,99.92950517046664,1429.7405076598213,8.27375154589882
2026-01-01 13:44:00,73.66349243579768,5.033730934393345,99.68675888939089,1497.3797774711265,6.99482719931865
2026-01-01 13:45:00,79.3601534313531,5.088388129913882,101.20620124203364,1585.2052758127745,9.757576872074239
2026-01-01 13:46:00,79.73871643719214,4.7819201845114305,100.42252572846431,1562.344585776736,6.23573999516783
2026-01-01 13:47:00,73.4314199185402,5.282186475949254,103.98997274806118,1496.8997995316984,8.731340445630078
2026-01-01 13:48:00,73.73943954871243,4.980282373543147,104.61754308023684,1547.5724638529043,9.772836639439943
2026-01-01 13:49:00,74.15464617341848,5.00376992458897,94.746883390861,1481.6746489815973,8.721362139123343
2026-01-01 13:50:00,70.96664846689717,5.141642884651311,104.34386250295385,1414.8064206586641,7.696213659402755
2026-01-01 13:51:00,72.2440441605474,5.046643226252701,94.06831786445073,1453.7767005935223,7.207554430005532
2026-01-01 13:52:00,71.9875776997438,5.190627326782649,102.93927944068868,1578.1444384254098,9.554131476569385
2026-01-01 13:53:00,72.69660730468762,5.057424833040365,103.09869392351435,1486.3003459085348,5.865537612107491
2026-01-01 13:54:00,74.89594533783966,4.8775125250719125,90.44341554168747,1487.8308010312492,6.544813609430534
2026-01-01 13:55:00,75.70264419760956,5.07230070504122,100.46489623264705,1485.008090186256,7.403663351762418
2026-01-01 13:56:00,79.65150147844223,4.771254758535868,97.65751943319842,1595.2068294786504,9.856480636267998
2026-01-01 13:57:00,72.00493787778363,5.021711941155305,96.20617371032313,1581.297945768103,8.569651454061344
2026-01-01 13:58:00,77.95296719542975,4.993354001871108,106.75426165349502,1610.9390116724067,6.547931362234632
2026-01-01 13:59:00,74.35803346732348,4.958376628545492,96.7316042968129,1492.0477394799975,7.534538441922645
2026-01-01 14:00:00,74.8516088710427,4.974292497712214,95.96811535440975,1514.7812244373547,7.078515283855558
2026-01-01 14:01:00,77.02445847649982,4.623630190900472,100.37847470002546,1424.1678725289605,6.935316511649697
2026-01-01 14:02:00,71.63183393531311,4.890255018451808,103.42794873149208,1573.8467213059137,9.468334337835168
2026-01-01 14:03:00,76.14722923855216,5.018568980228223,99.29175706994937,1441.6110224366032,5.942385306104741
2026-01-01 14:04:00,75.49935662463916,5.03197127839948,105.83185272834626,1510.8387781881315,10.41317128360156
2026-01-01 14:05:00,76.47735379202445,4.794464971814809,102.65487830982045,1445.1348736183577,9.242344535276935
2026-01-01 14:06:00,75.86750593172346,5.25314156817294,89.10894340134286,1470.5566586630653,9.636292505905548
2026-01-01 14:07:00,82.36590041973268,4.8267650303571,97.35266518246496,1458.136878447515,7.305590731962113
2026-01-01 14:08:00,73.08678004724605,5.1938914401053475,97.1907895032415,1469.606236966209,7.775088921381336
2026-01-01 14:09:00,73.40700913499455,5.085438872374337,102.39680476714712,1473.043864842551,5.850272278212932
2026-01-01 14:10:00,73.13057842072571,4.87075453803124,86.87591471812944,1472.5865602537463,7.213006389399796
2026-01-01 14:11:00,73.33356864251924,5.355062178521902,112.74504854358861,1541.6666955890153,8.740482271464726
2026-01-01 14:12:00,73.08783861808044,4.761272633648704,102.65513047447105,1444.756860346874,9.944094592672094
2026-01-01 14:13:00,78.56704959332265,5.183830834722,100.74438401958845,1511.0270713506934,6.339264774796322
2026-01-01 14:14:00,79.26151274396956,5.2001164636085955,105.90783858209574,1560.8979576152778,7.451741094522101
2026-01-01 14:15:00,73.28776111875158,4.865875958184671,111.71827026406312,1474.3401817743302,7.773051169651216
2026-01-01 14:16:00,72.50293328068732,5.278493060012866,104.35373322294201,1464.10405546262,5.9063161967112725
2026-01-01 14:17:00,76.41424666915921,4.949990697080209,104.7440654823581,1488.4737687409875,8.8870238626376
2026-01-01 14:18:00,73.34333086715709,5.057738725855971,100.65345012232191,1558.9862604180355,6.914014502386086
2026-01-01 14:19:00,76.89879545326653,5.0520643677542445,99.29237123316526,1509.705381547668,7.706914473234464
2026-01-01 14:20:00,75.6087690625539,4.97313825170589,97.62102277997549,1473.43928526962,7.322075942132184
2026-01-01 14:21:00,70.4527676550083,5.162161654631957,95.86944004142728,1524.193832559402,6.8159922414204885
2026-01-01 14:22:00,79.64251560399019,5.158697744110443,96.56492950150252,1444.885392508179,7.989432521779168
2026-01-01 14:23:00,80.38763301928657,4.650293605352363,93.24722017828509,1534.0679755221474,7.676585632147966
2026-01-01 14:24:00,73.16163392854685,5.260868048575631,99.62064274657489,1520.4303653850884,7.442213176582001
2026-01-01 14:25:00,73.83689532019204,4.667501602392865,91.57666211386807,1484.6095764430559,6.907307567479486
2026-01-01 14:26:00,75.85759617217471,5.206509240868331,100.95458262071855,1458.0707100776385,8.479287006174433
2026-01-01 14:27:00,76.00337036996108,5.225341027365516,99.81834695978829,1455.665953885827,10.480425902738428
2026-01-01 14:28:00,76.9756328180185,4.781806713956961,100.73467649193344,1526.7408668172955,8.20983084925869
2026-01-01 14:29:00,81.03061361629905,4.917837142409083,97.38934214990003,1561.449025124453,9.494177322366694
2026-01-01 14:30:00,74.46915831751785,4.778859066302813,115.38430185090252,1468.1346126485603,5.914667112269806
2026-01-01 14:31:00,72.60510826638463,4.957015793942253,106.80057950090156,1522.919335177574,8.236642158940654
2026-01-01 14:32:00,70.86204231595642,4.938393143162852,93.77728749957639,1395.6486490698965,6.3539475215434
2026-01-01 14:33:00,72.80720988017424,5.155932106453868,101.16434043713448,1470.76911346714,5.784612608702147
2026-01-01 14:34:00,74.90061908137861,5.262061749223921,96.95996928531338,1498.447053356455,6.890942888811446
2026-01-01 14:35:00,80.38367359055336,5.279136762157991,94.92760136646294,1454.5158291509083,9.787849001620359
2026-01-01 14:36:00,73.44716610289149,4.88756639468434,93.29963964438032,1453.1746812605202,9.425023743004468
2026-01-01 14:37:00,75.67136385491669,4.958155625251094,102.16108345379627,1466.6110221765557,8.3645070830816
2026-01-01 14:38:00,74.95073131178174,4.66331236155581,96.59309882465213,1514.6096364163186,5.700949160165104
2026-01-01 14:39:00,78.56517982034426,4.838825986700762,104.83913012012601,1490.6335490796812,7.705579022918095
2026-01-01 14:40:00,82.58079727762086,5.192970326619491,104.96891107265219,1388.0884383337514,8.452550013352603
2026-01-01 14:41:00,73.40739368123904,5.323116564709647,106.86957192605725,1393.9649923682466,8.263304344367898
2026-01-01 14:42:00,73.53168167244533,4.753130225624016,95.73806616962948,1469.6567411071412,5.234309624778882
2026-01-01 14:43:00,78.13248263120721,4.881507148169421,102.37682805346004,1522.8843293026775,6.664523227970192
2026-01-01 14:44:00,77.04567446887893,4.994718848608215,103.16227108321151,1362.6247578637383,7.903883353776925
2026-01-01 14:45:00,80.5401219772081,5.056032231763921,97.62910912448018,1475.0134911924185,8.804436364275785
2026-01-01 14:46:00,76.75178455597789,4.838079296015671,96.14114021303563,1473.687607174129,4.70580826835008
2026-01-01 14:47:00,73.92212372763882,5.084812208892818,108.04760332887986,1569.4168889104224,7.756814036780212
2026-01-01 14:48:00,76.77196449207693,4.905232130585817,101.13747937866027,1480.7489094143568,8.214573154818428
2026-01-01 14:49:00,78.32611074174872,4.997109545824344,103.17983875355868,1519.1494492370464,9.27441798277432
2026-01-01 14:50:00,77.46144654359209,5.10925684960074,95.88961994086036,1507.0628570043732,9.039286376356156
2026-01-01 14:51:00,76.52182209332189,5.001284453962188,93.90357766738903,1393.4716760096399,8.873856978213208
2026-01-01 14:52:00,78.20002406876746,4.912722821894686,97.15275112753945,1538.4103608315868,6.8000892399470985
2026-01-01 14:53:00,78.50788677133701,4.978078039214834,99.37989306305002,1510.7698252728144,5.137996794315039
2026-01-01 14:54:00,79.14647697311258,4.982327408158933,94.67889996591326,1525.4134319837294,7.410420864407898
2026-01-01 14:55:00,76.94612966276893,4.925997794023575,99.95077595674809,1696.3118853218164,9.50244773781284
2026-01-01 14:56:00,74.49864575904944,4.948240787466579,91.5574740596575,1395.7943530250707,10.090181791286646
2026-01-01 14:57:00,75.44014105929998,5.319729434100943,94.39976288765064,1586.2348324880554,9.065823653446678
2026-01-01 14:58:00,78.61952689952507,5.112183889588247,103.35455624138437,1485.6276240299821,8.644011234202601
2026-01-01 14:59:00,72.5491929870383,4.940903936394168,103.01895260138947,1514.3664452201504,8.569459472578949
2026-01-01 15:00:00,76.1060199266187,5.139390880902147,98.04061617306567,1497.7243877349379,7.165821879858829
2026-01-01 15:01:00,73.81998356301791,4.933236102048798,94.91117845461524,1478.7881833300978,7.80490955966957
2026-01-01 15:02:00,75.08623446880445,5.234624927517328,94.86298224236995,1471.5083535880622,10.503604288739496
2026-01-01 15:03:00,78.8353555878219,5.073928438439618,98.13365877029344,1516.4754367786504,6.586162991312186
2026-01-01 15:04:00,75.57329720405971,4.978539571199154,103.22259245822646,1424.141315166416,10.422168186064777
2026-01-01 15:05:00,75.13930964446844,5.089543385162056,104.64122845672162,1537.5289583760882,7.516957768261912
2026-01-01 15:06:00,70.92043157706024,4.6858247695863,97.51734132259016,1479.1902797557373,9.988148163642618
2026-01-01 15:07:00,77.23876069808166,4.774646506218039,94.23253787007609,1443.4965330479822,5.889777485753693
2026-01-01 15:08:00,76.93645254342323,4.761214998720189,101.33921818933166,1477.4993571002094,8.878856301746973
2026-01-01 15:09:00,81.48976416991638,5.028588618952742,95.88232514687076,1562.8574608431286,6.8948447960785675
2026-01-01 15:10:00,74.076665295141,5.346502999897019,97.40873680569399,1473.2332456491888,5.877099212113719
2026-01-01 15:11:00,75.65745098299182,5.446260029238527,106.62638045218519,1517.922680910481,8.327801063616418
2026-01-01 15:12:00,75.74815105113227,5.127610220288151,104.13557714282884,1463.4521862142262,9.514207682893954
2026-01-01 15:13:00,79.73235983929042,5.100168894988891,100.78987156125726,1537.896092496181,6.732587842109755
2026-01-01 15:14:00,74.71411340283915,4.639788453169452,93.64040499443638,1534.27538693951,5.751476059312398
2026-01-01 15:15:00,75.83706457731101,4.891465240053195,101.05698283735329,1592.4304416648206,7.862232853497567
2026-01-01 15:16:00,76.82368952914962,4.842443249618352,105.31328645393764,1491.2218027250392,7.868847006834228
2026-01-01 15:17:00,75.55982736946908,4.8758304803497765,98.12183167117232,1533.4327402378954,8.822479441331748
2026-01-01 15:18:00,73.66069915634841,4.966371236283042,106.75557044993357,1504.9033769769471,9.424391857046732
2026-01-01 15:19:00,75.58226997869492,4.905581884460575,106.46372644759103,1564.7935890931508,7.910877228091259
2026-01-01 15:20:00,78.22089524957931,4.604140037924842,108.31866416071736,1464.0583806195634,10.783254972191394
2026-01-01 15:21:00,71.92045410176682,5.149582051223507,101.52621563265676,1537.2502656438642,8.336352116802937
2026-01-01 15:22:00,75.39890902244063,4.785451394852038,102.93695849903006,1490.2651351941659,7.480360240989651
2026-01-01 15:23:00,72.89963755518248,5.04784937282223,107.07093644165545,1496.790591144575,5.582648961345758
2026-01-01 15:24:00,78.58513988677453,5.4148165339499945,102.23696968534487,1504.5876242224188,7.606010719525749
2026-01-01 15:25:00,70.43043928564867,4.816123081682715,97.49382946104893,1512.612019821334,7.495419581883295
2026-01-01 15:26:00,73.32323445818524,4.493942495450734,97.7572858173607,1494.1885478439021,9.440457194422205
2026-01-01 15:27:00,76.13163562519357,4.942799155623978,101.1927747688687,1510.7356591585262,8.693725436100282
2026-01-01 15:28:00,79.69657208770302,5.220191926999714,93.5471928902689,1578.9059028781091,6.230946317551075
2026-01-01 15:29:00,74.80274921678104,5.3916694908441185,99.28370542317904,1549.2724842807609,8.258381579616556
2026-01-01 15:30:00,73.33440141992041,4.754090081109517,105.48273559115127,1543.457729624845,9.00729675759358
2026-01-01 15:31:00,80.64347120832177,5.099339844647305,89.04373074417359,1477.2230236988064,10.29204703908175
2026-01-01 15:32:00,70.65595829875127,4.9069379086439895,107.67241050897258,1455.5379585885837,9.33125595112109
2026-01-01 15:33:00,68.40358213013975,4.978810329139173,105.6118710935158,1547.7650279118877,9.141269981467216
2026-01-01 15:34:00,76.32004335015999,5.528868669403407,97.70117692084762,1543.8023396264898,8.090128991922745
2026-01-01 15:35:00,73.49383732694217,4.6994059343209695,102.71695413935905,1573.6335337875491,8.582468008135175
2026-01-01 15:36:00,71.93630154860786,5.050747932298915,100.01573863453163,1469.8009687015385,9.874257351059239
2026-01-01 15:37:00,77.12506934189805,5.093538634353087,106.14995184219342,1488.5225672319827,6.000833903780525
2026-01-01 15:38:00,75.7314021413136,5.217157264987869,104.9134157138497,1418.0257918737284,7.475841009174566
2026-01-01 15:39:00,73.30776410778981,5.0195966306941795,92.99964638408495,1480.3764446969562,6.841146876865639
2026-01-01 15:40:00,71.15908680398732,5.061610107900821,102.93631206732088,1549.8285255289725,8.568729678089186
2026-01-01 15:41:00,77.61737198484043,4.921670286515642,98.97186073178376,1476.67523103859,9.845333263476181
2026-01-01 15:42:00,76.95060353387598,5.053825388249021,100.4141628525905,1532.023989760041,7.10453856991839
2026-01-01 15:43:00,74.70247240866185,4.9313615449005175,96.35914049515092,1490.4748447001095,4.414543448795843
2026-01-01 15:44:00,80.53991098814299,5.12431437797121,108.74068534560418,1516.202851411078,7.381668882463295
2026-01-01 15:45:00,71.78974570102154,4.926077932791273,105.20030909951288,1442.6154305092166,9.37021059802611
2026-01-01 15:46:00,70.42342448722579,5.0754200787804375,96.30114418013517,1504.2604724816952,8.80644485442482
2026-01-01 15:47:00,72.92427579035626,4.994147437263004,93.32694696544884,1350.4432014549639,8.642279371715864
2026-01-01 15:48:00,74.86324195093351,5.225210050154434,98.07163684511076,1490.6551920919007,7.5800100471882805
2026-01-01 15:49:00,75.73001834796807,4.989721255282303,102.17251323045653,1418.476337814243,6.08145389567032
2026-01-01 15:50:00,74.276291826431,4.645393506358624,101.20102921973111,1560.2997258273408,8.772941482436702
2026-01-01 15:51:00,76.05616618954289,5.252384300142799,106.26566412384122,1538.8703676382256,6.7485772849480625
2026-01-01 15:52:00,71.24538172742866,4.818853539827476,103.94959861090426,1523.333549098304,11.276145100070684
2026-01-01 15:53:00,79.33129381221978,4.869246732270236,104.84784512876453,1576.050311357969,8.855760812531773
2026-01-01 15:54:00,74.75354646482229,4.8808677411913015,101.63427700305219,1452.5541739587582,7.129027546169073
2026-01-01 15:55:00,78.35188749476438,5.274887618634163,93.05350634894505,1587.3681598957778,7.082922128917057
2026-01-01 15:56:00,76.02817603913311,4.5728651572042605,99.02150734426549,1546.6095782130192,7.8605836900796175
2026-01-01 15:57:00,76.37025965746135,5.627549706731999,105.30044869954332,1488.1722356390526,7.6407471169673755
2026-01-01 15:58:00,76.70930184069661,5.21121136181321,99.74238535737678,1556.7810073591472,9.675250663294932
2026-01-01 15:59:00,76.34312568005194,5.044647782825832,102.51545184311874,1444.6853243794183,8.279624254616069
2026-01-01 16:00:00,76.92816827960263,4.989021199876743,98.40625842376933,1458.7742919236164,6.902552391637208
2026-01-01 16:01:00,78.9874575903973,5.057110814971532,94.85094075729077,1469.570513838015,10.835661027733675
2026-01-01 16:02:00,75.58956350910441,5.104224485675868,99.38327967976944,1473.5511145967992,8.073962497280334
2026-01-01 16:03:00,77.12701127276554,5.129043117190012,101.54523721516327,1447.1721178619873,9.153259513953346
2026-01-01 16:04:00,74.73079291713832,5.11112089320069,96.72156140269279,1561.1541533547663,7.087660238832861
2026-01-01 16:05:00,79.32035164634841,5.01791613625105,98.82144377571666,1487.0572799815084,8.544673441616785
2026-01-01 16:06:00,72.97082309382219,4.960532315938535,95.30268379007009,1517.625248417844,8.466664986714793
2026-01-01 16:07:00,80.40282129873245,4.969745343269298,105.59622458782047,1471.482431679316,5.16552606185577
2026-01-01 16:08:00,74.87952614806697,4.961018343929464,98.52772121205983,1408.969834972574,11.02291266569096
2026-01-01 16:09:00,70.70767469364586,5.226754019373413,107.26377772563092,1513.5028679195711,9.93596669138382
2026-01-01 16:10:00,75.38431324473237,5.118711344456172,107.64373925270453,1404.387251229011,7.404207025781019
2026-01-01 16:11:00,72.95684502757535,4.411922273067144,99.59477017639128,1496.5682976957266,6.346595389316217
2026-01-01 16:12:00,77.52193064696617,5.131180155305953,94.95775633726325,1431.5842480583594,8.521342420705327
2026-01-01 16:13:00,73.04212806209283,5.038947238943755,89.57051061133332,1599.3637999615403,8.130046549121595
2026-01-01 16:14:00,73.66144970035566,4.996258248710821,92.63981463486604,1545.568136108736,8.533503422844845
2026-01-01 16:15:00,69.3313778071634,4.922296309382223,93.1308258755067,1505.287689563574,8.287366094291134
2026-01-01 16:16:00,73.64308104225277,5.2248225439972025,106.89234813730752,1563.1853338827334,8.75936148395889
2026-01-01 16:17:00,67.72836202011312,5.189505292424571,100.57912293613472,1457.684201126713,10.17095854908771
2026-01-01 16:18:00,70.24829152954283,4.845424466435278,101.94802262045994,1527.1739689335047,8.852154807692969
2026-01-01 16:19:00,77.28124396843289,5.081410457424907,88.89789495532438,1509.9905216859356,6.425516751635088
2026-01-01 16:20:00,77.3574004759525,4.805668653091743,94.01016785391369,1513.2010040666835,10.043844279068677
2026-01-01 16:21:00,76.2763726853549,4.724076367042214,104.43539888223144,1563.6176750053385,10.46092184523243
2026-01-01 16:22:00,72.09907157061237,4.874656555082007,101.43387056191293,1536.62460513899,12.728085101768126
2026-01-01 16:23:00,74.85686593157406,5.172478694476552,99.26397360657201,1514.4361831412511,6.314758950140603
2026-01-01 16:24:00,74.98919238272829,5.190625009075218,102.82421179300061,1417.2556281885852,8.364323019725413
2026-01-01 16:25:00,71.52490593242237,5.1026170840194585,108.17898903067908,1451.9976852360269,4.876851945216519
2026-01-01 16:26:00,79.51019490530145,5.1450191573696,98.89478768231474,1493.8645533202139,8.829723734568814
2026-01-01 16:27:00,77.63208687172701,5.103235657422991,100.34684901329035,1504.6686187138325,7.177699552749841
2026-01-01 16:28:00,74.337107478511,4.8717036809554095,100.96298459365653,1443.4898137663038,10.88516869223743
2026-01-01 16:29:00,75.08065751698359,5.086384508934788,111.96054817636997,1620.583833778921,6.838077544972127
2026-01-01 16:30:00,75.62514842384266,5.160081905045536,89.50321867790487,1575.8197027626786,5.466225443049107
2026-01-01 16:31:00,68.87479539472713,5.1508582659627145,103.41611507394404,1530.1059160196241,7.293104388946221
2026-01-01 16:32:00,74.25846785243822,5.2377826742949285,99.42598875620469,1503.6018430641873,5.036768343174294
2026-01-01 16:33:00,72.9540472560066,5.141660769440213,102.8338586309209,1489.3895515049423,9.126649181760966
2026-01-01 16:34:00,71.99513997031525,5.0702896415083165,96.71313723002638,1452.4040769988883,4.902375430615519
2026-01-01 16:35:00,74.15669912134213,5.214030047663286,99.75517484570774,1503.8740259259432,8.042686371774739
2026-01-01 16:36:00,80.39305958054857,4.994695748150188,103.55705289732748,1512.8876270071376,4.883282270215705
2026-01-01 16:37:00,76.92252858380103,4.823625069754456,115.5645510052192,1437.9119712259187,7.519553293195037
2026-01-01 16:38:00,73.2864630306516,4.967386607211247,104.04018094701036,1516.708820862245,10.465067233706801
2026-01-01 16:39:00,76.71774834406848,4.85101947103871,95.75967200984746,1492.2370475587625,8.540971837153693
